HviezdiÄky,Meno,Pocet_recenzii,Text,Datum
1,Valerie Å Ã¡lovÃ¡,2 recenze,"Obsluha od pohledu velice nepÅ™Ã­jemnÃ¡, na vÃ½bÄ›r z jÃ­del jsme dostali jen s polednÃ­ho menu jÃ­delnÃ­ lÃ­stek jsme vÅ¯bec nedostali. Objednali jsme si z menu a obsluhu vÅ¯bec nezajÃ­malo jestli si dÃ¡me nÄ›co na pitÃ­. KdyÅ¾ jsem Å¡la objednat pitÃ­ k baru tak na mÄ› sleÄny koukali stylem co chci. Meli jsme Äesnekovou polÃ©vku kterÃ¡ nebyla vÅ¯bec Å¡patnÃ¡ ale hlavnÃ­ jÃ­dla katastrofa. KamarÃ¡dka si objednala rib eye steak a jÃ¡ sem si dala kuÅ™ecÃ­ plÃ¡tek se Å¡unkou a sÃ½rem s cheddarovou omÃ¡Äkou. KamarÃ¡dka mÄ›la steak ÃºplnÄ› syrovÃ­ a obsluha se ani nezeptala jak ho chce propeÄenÃ½. K mÃ©mu kuÅ™ecÃ­mu plÃ¡tku zapomnÄ›li dÃ¡t Å¡unku a cheddarova omÃ¡Äka cheddar ani nevidÄ›la. Byli jsme tam jednou a naposledy.",2025-05-12
4,VÃ¡clav Namyslo,MÃ­stnÃ­ prÅ¯vodce Â· 99 recenzÃ­ Â· 150 fotek,Ale jo. JÃ­dlo z menu bylo dobrÃ©. AkorÃ¡t Å¡penÃ¡t trochu studenÃ½. Ale obsluha to byl fofr.,2025-05-15
1,J P,1 recenze,"ÄŒekali jsme velmi dlouho, obsluha nepÅ™Ã­jemnÃ¡. JÃ­dlo bylo v poÅ™Ã¡dku, ale ne za tu cenu. S kebabem bych uÅ¡etÅ™il 60 korun a mÄ›l z toho lepÅ¡Ã­ poÅ¾itek.",2025-05-15
4,Jan Franek,MÃ­stnÃ­ prÅ¯vodce Â· 106 recenzÃ­ Â· 33 fotek,"PÅ™Ã­jemnÃ¡ restaurace!

Do restaurace jsem pÅ™iÅ¡el na polednÃ­ menu a odchÃ¡zÃ­m vÃ­cemÃ©nÄ› spokojeny.

ObjednÃ¡n ball tip steak, kterÃ½ byl lehce suÅ¡Ã­ a nezachrÃ¡nila ho ani slaninova omÃ¡Äka,  kterÃ¡ nebyla dochucena, na druhou stranu jednalo se pÅ™ece jenom o menicko.

Co naopak oceÅˆuji je velkÃ¡ zahrÃ¡dka,  pÅ™ijatelnÃ© ceny, milÃ¡ obsluha a rychlost servisu.

UrÄitÄ› se zde zase vrÃ¡tÃ­m.",2024-09-17
5,Miroslav Vlasak,MÃ­stnÃ­ prÅ¯vodce Â· 241 recenzÃ­ Â· 135 fotek,"MÄ›li jsme syreÄkovÃ½ tatarÃ¡k a s maÅ¾enÃ© gorbÃ¡Äiky, bylo to skvÄ›lÃ©",2025-05-15
2,Tomas Burianek,MÃ­stnÃ­ prÅ¯vodce Â· 87 recenzÃ­ Â· 387 fotek,"VÅ¡e ok, jÃ­dlo dobrÃ©, jen pri placenÃ­ nÃ¡m zaÃºÄtovÃ¡li o 170 KÄ vÄ›tÅ¡Ã­ Ãºtratu. TakÅ¾e pozor pÅ™i placenÃ­. VÅ¡e si dobÅ™e spoÄÃ­tejte, majÃ­ v tom dost zmatek.",2025-01-15
3,Radomir Jedlicka,MÃ­stnÃ­ prÅ¯vodce Â· 181 recenzÃ­ Â· 9 fotek,"Zde mÄ› to nÄ›jak nenadchlo. Na stole jÃ­delnÃ­Äek, ze kterÃ©ho jsem si chtÄ›l objednat a servÃ­rka ne moc pÅ™Ã­jemnÄ› oznÃ¡mila, Å¾e to je veÄernÃ­ menu a jÃ­delnÃ­Äek donesla aÅ¾ dodateÄnÄ›. Ono by asi dalo hodnÄ› prÃ¡ce to veÄernÃ­ menu sebrat a dÃ¡t ho tam aÅ¾ veÄer. Zkusil jsem objednat pitÃ­, kterÃ© majÃ­ v nabÃ­dce, ale servÃ­rka Å™ekla - NE, dÃ¡te si limonÃ¡du, protoÅ¾e to nemÃ¡me. JÃ­dlo takovÃ½ slabÅ¡Ã­ prÅ¯mÄ›r - polÃ©vka byla ÃºplnÄ› bez chuti, jÃ­dlo naopak pÅ™esolenÃ©.",2024-12-16
5,Jan KaÅ¡tovskÃ½,MÃ­stnÃ­ prÅ¯vodce Â· 154 recenzÃ­ Â· 12 056 fotek,"PÅ™Ã­jemnÃ¡ oÃ¡za I obsluha, dobrÃ© pivo a jÃ­dlo. Prima akce, my jsme narazili na tatarak za 99 KÄ a celÃ½ seznam Å™eckÃ½ch pochutin, parÃ¡da.  Skoro na dohled UNESCO pamÃ¡tka vila Tugendhat a kdyÅ¾ sejdete z kopce, jste u Boby centra, moc hezkÃ¡ prochÃ¡zka s touto oÃ¡zou ğŸ˜Š â€¦",2023-05-16
2,Pavel,MÃ­stnÃ­ prÅ¯vodce Â· 43 recenzÃ­ Â· 6 fotek,"Hups. JiÅ¾ nikdy prosim. Zaujalo blÃ­zkosti Tugendhat. ZahrÃ¡dka hezkÃ¡ a pÅ™Ã­jemnÃ¡ (za to jedine dÃ¡vÃ¡m 2*). Z menÃ­Äka zbyl jen Burger. To byl hodnÄ› velkÃ½ omyl. PrÃ½ z hovÄ›zÃ­ho krku (???) Dyt to neobsahovalo maso, byla to neidentifikovatelna nesouroda hmota absolutnÄ› nekompatibilnÃ­ s nÃ¡zvem ""burger"".
ServÃ­rky.... vtipnÃ¡ scÃ©na. ServÃ­rka pÅ™iÅ¡la a v rukÃ¡ch drÅ¾ela dvÄ› polÃ©vky, jestli mÃ¡me vybrÃ¡no, my Å¾e jeÅ¡tÄ› ne, Äekali jsme totiz na jÃ­delni lÃ­stek; tak jestli nechceme polÃ©vku; my Å¾e tak asi jo; fik ji pÅ™ed nÃ¡s. Tak jsme jen ÄumÄ›li. Jako pobavilo, ale tak do 4.tÃ© cenovÃ©.",2023-05-16
4,Lucie HejnalovÃ¡,MÃ­stnÃ­ prÅ¯vodce Â· 93 recenzÃ­ Â· 239 fotek,"AtmosfÃ©ra byla ovlivnÄ›na probÃ­hajÃ­cÃ­mi promocemi a prezidentskÃ½m setkÃ¡nÃ­m v nedalekÃ© vile. Taky jsme tam byli pracovnÄ›.
I pÅ™esto, Å¾e tady bylo skoro plno byla obsluha usmÄ›vavÃ¡ a sviÅ¾nÃ¡.
Dala jsem si Steak z vepÅ™ovÃ© panenky s hÅ™Ã­bkovou omÃ¡Äkou. Maso bylo sice trochu tuhÃ©, ale omÃ¡Äka byla vÃ½bornÃ¡ a hranolky dozlatova a jemnÃ©.",2025-05-15
3,JiÅ™Ã­ BechynskÃ½,MÃ­stnÃ­ prÅ¯vodce Â· 86 recenzÃ­ Â· 11 fotek,"NeurazÃ­, nenadchne. DneÅ¡nÃ­ burger z menu vÃ½bornÃ½, rizoto ale podstatnÄ› horÅ¡Ã­ - rozvaÅ™enÃ¡ rÃ½Å¾e na zpÅ¯sob nÃ¡kypu. NedobrÃ©. PolÃ©vka zelnÃ¡ absolutnÄ› nevychucenÃ¡, slabÃ¡, spÃ­Å¡ takovÃ½ vÃ½plach z hrncÅ¯. ServÃ­rka vÃ¡m automaticky donese polÃ­vku, sotva si sednete a aniÅ¾ byste si pÅ™edem objednali. ZvlÃ¡Å¡tnÃ­ nestandardnÃ­ chovÃ¡nÃ­, se kterÃ½m jsem se jinde nesetkal, ale budiÅ¾. Porce velkÃ©, ÄlovÄ›k se opravdu najÃ­, to zaslouÅ¾Ã­ pochvalu. CelkovÄ› takovÃ½ standard, je co zlepÅ¡ovat.",2024-11-16
4,Veronika PoÅ™Ã­zkovÃ¡,MÃ­stnÃ­ prÅ¯vodce Â· 126 recenzÃ­ Â· 280 fotek,"V Äase sobotnÃ­ho obÄ›da byla restaurace prÃ¡zdnÃ¡, tudÃ­Å¾ jÃ­dlo bylo rychle pÅ™ipravenÃ©. OceÅˆuji velkÃ½ vÃ½bÄ›r z menu. Jedinou vÃ½tku mÃ¡me k ovocnÃ© limonÃ¡dÄ›, kterÃ¡ nebyla nic vÃ­c neÅ¾ voda a Å¡Å¥Ã¡va..",2023-05-16
5,praÅ¾Ã­rna . com,MÃ­stnÃ­ prÅ¯vodce Â· 13 recenzÃ­ Â· 50 fotek,"PÄ›knÄ›, Äisto, dobrÃ© jÃ­dlo, autentickÃ© obrÃ¡zky olejomalby, pokojovky v gumÃ¡cich....mÃ¡ to nÃ¡pad, jÃ­dlo si vybere i vege, Å¡vestkovÃ© knedlÃ­ky za 80?? Dnes?? Co vÃ­c si pÅ™Ã¡t....",2025-03-16
5,jan kufa,2 recenze Â· 2 fotky,JÃ¡ osobnÄ› byl zde spokojenÃ½.  PolÃ©vka i hlavnÃ­ jÃ­dlo bylo teplÃ© a dobrÃ©. ÄŒekacÃ­ doba na jÃ­dlo byla prÅ¯mÄ›rnÃ¡. PanÃ­ servÃ­rka se chodila neustÃ¡le ptÃ¡t jestli jeÅ¡tÄ› nÄ›co potÅ™ebujeme. VnitÅ™nÃ­ prostÅ™edÃ­ restaurace bylo pÄ›knÃ©.,2019-05-17
3,Martin Rajnoch,MÃ­stnÃ­ prÅ¯vodce Â· 77 recenzÃ­ Â· 109 fotek,"KlasickÃ¡ restaurace.Obsluha vstÅ™Ã­cnÃ¡,jÃ­dlo fajn. Na netu jsem si zjistil co kde dÃ¡vajÃ­, jel tam speciÃ¡lnÄ›, mÄ›li v memÃ­Äku rybu makrelu.Bylo to na 4 hvÄ›zdy.
DalÅ¡Ã­ den jsem provedl druhÃ½ test obÄ›dovÃ©ho menÃ­Äka: jen 25 min jsem Äekal na polÃ©vku, od tÃ© doby si mÄ› dalÅ¡Ã­ch 20 min nikdo nevÅ¡Ã­mal a pak jsem uÅ¾ musel jÃ­t do prÃ¡ce (pouze s polÃ©vkou), protoÅ¾e jsem vyÄerpal 45 min na obÄ›d.
TakÅ¾e pokud sem chcete, rozhodnÄ› ne pÅ™es poledne.",2018-05-17
4,filip Å ostok,MÃ­stnÃ­ prÅ¯vodce Â· 35 recenzÃ­,ObÄas zde chodÃ­m na obÄ›d a jsem pomÄ›rnÄ› spokojeny. JÃ­dlo je dobrÃ© za pÅ™Ã­znivou cenu. Porce jsou vÅ¡ak menÅ¡Ã­. Je zde pÅ™Ã­jemnÃ¡ atmosfÃ©ra a rychlÃ¡ obsluha.,2024-11-16
5,Eva HrubÃ¡,3 recenze Â· 2 fotky,"Velmi pÅ™Ã­jemnÃ¡ hospoda. MilÃ¡ obsluha, dobrÃ© jÃ­dlo. MÄ›li jsme tady setkÃ¡nÃ­ spoluÅ¾Ã¡kÅ¯ a bylo to super. DÄ›kujeme.",2024-12-16
2,Karlos Barelos,1 recenze,"Na pivo sem radÄ›ji nechoÄte, toÄÃ­ solidnÃ­ podmÃ­rÃ¡ky. A kdyÅ¾ se ÄlovÄ›k ozve, tak mÃ­sto aby se omluvili a doÄepovali, tak se s vÃ¡mi obsluha hÃ¡dÃ¡, Å¾e vÃ¡m ty dva centimetry dojdou z pÄ›ny a Å™Ã­kÃ¡, Å¾e jestli chcete dostat pivo na mÃ­ru, mÃ¡te si zajet do Rakouska. Opravdu chovÃ¡nÃ­ na Ãºrovni...",2024-08-18
5,AleÅ¡ VÃ©br,MÃ­stnÃ­ prÅ¯vodce Â· 70 recenzÃ­ Â· 299 fotek,"Velmi pÄ›knÃ¡ restaurace,ochotnÃ½ a milÃ½ personÃ¡l a vÃ½bornÃ© jÃ­dlo",2025-05-15
2,David Nemetz,9 recenzÃ­ Â· 1 fotka,"DvakrÃ¡t jsem si objednal spagety carbonara. V obou pÅ™Ã­padech mÃ­sto uvÃ¡dÄ›nÃ© pancetty byla anglickÃ¡ slanina. VizuÃ¡lnÄ› jsem vÃ¡hal ale po ochutnani to bylo jasne ze je to obyÄejnÃ¡ anglickÃ¡ slanina. Spagety dost plavaly ve smetanÄ›. KdyÅ¾ jsem obsluhu upozorÅˆoval poprvÃ©, proÄ tam mÃ¡m mÃ­sto pancetty slaninu byla akorÃ¡t lehce protivna a odpovÄ›di jsem se nedoÄkal. Po druhÃ© opÄ›t anglickÃ¡ slanina. HoubovÃ© rizoto majÃ­ vcelku dobre ale houby tmave, rozblemcovane takze byly oÄividnÄ› dlouho v mrazÃ¡ku. ProstÅ™edÃ­ prÅ¯mÄ›rne.",2019-05-17
1,Jan SpÃ¡Äil,MÃ­stnÃ­ prÅ¯vodce Â· 45 recenzÃ­ Â· 62 fotek,MenÃ­Äka absolutnÃ­ hnus jak na mÃ­stÄ› tak take away!!! ChodÃ­me nepravidelnÄ› kaÅ¾dÃ½ mÄ›sÃ­c cca 5 let. PoslednÃ­ dobou ÄlovÄ›k ani nedostane co je na lÃ­stku .... toto jsou tsatsiki (viz foto). AspoÅˆ na tÃ© Å¡pejli bylo jakÃ½si maso. PolÃ©vky jsou vyplÃ¡chnutÃ© hrnce vodou. KATASTROFA,2020-05-16
1,Kodl,1 recenze,"Pivo teplÃ©, nedobrÃ©.. na menÃ­Äko vÃ¡m pÅ™inesou jen polovinu vÄ›cÃ­ kterÃ© inzerujÃ­ (chybÃ­ salÃ¡t, hranolky..)

A jako bonus vÃ¡m po nÄ›kolika hodinÃ¡ch pÅ™ijdou zaÅ¾Ã­vacÃ­ obtÃ­Å¾e.

Sem uÅ¾ nikdy.",2024-08-18
5,B Zuz,MÃ­stnÃ­ prÅ¯vodce Â· 9 recenzÃ­ Â· 40 fotek,"VynikajÃ­cÃ­ pivko,bezkonkurenÄnÃ­ jÃ­dlo, neuvÄ›Å™itelnÄ› milÃ¡ obsluha. DÄ›kujeme za trpÄ›livost a ÃºsmÄ›vy ğŸ˜‰ TreboÅˆÃ¡ci",2023-05-16
5,NiccolumÄ›na,6 recenzÃ­,"ChtÄ›la bych jmenovitÄ› podÄ›kovat TomÃ¡Å¡ovi a Kamile za jejich servis a ochotu, aÄkoliv to s nÃ¡mi na akci svatba (30.3.2024) nebylo moc jednoduchÃ©. VÃ¡Å¾Ã­m si jejich trpÄ›livosti a milÃ©ho chovÃ¡nÃ­ po Äas akce. UmÃ­ skvÄ›le pÅ™ipravit jak pivo, tak koktejly, drinky a jÃ­dlo â¤ï¸",2025-05-15
5,Honza B.,10 recenzÃ­ Â· 9 fotek,"Spokojenost od A az do Z. Dacice vynikajici,zebra vynikajici a nejlepsi byl desert. Obsluha byla velmi prijemna. Uz jsem dlouho nezazil. ""Tohle jim dam znat na dyzku"" BBT : )",2019-05-17
5,ZdenÄ›k NovÃ¡k,MÃ­stnÃ­ prÅ¯vodce Â· 104 recenzÃ­ Â· 9 fotek,VynikajÃ­cÃ­ jÃ­dlo a veÄernÃ­ menu od 17:00h. a pÅ™Ã­jemnÃ¡ obsluha.  Jeli jsme s kamarÃ¡dkami z nÃ¡kupÅ¯.  VÅ™ele doporuÄuji.,2024-08-18
5,Martin MotyÄka,MÃ­stnÃ­ prÅ¯vodce Â· 23 recenzÃ­ Â· 37 fotek,"Obsluha skvÄ›lÃ¡, hned na zaÄÃ¡tek milÃ© uvÃ­tÃ¡nÃ­, pivo vÃ½bornÃ©, sklenice ÄistÃ©, jÃ­dlo fantastickÃ©, za tu cenu opravdovÃ¡ kvalita a jÃ­dla aÅ¾ aÅ¾. DoporuÄuji",2017-05-17
4,JiÅ™Ã­ MikeÅ¡,MÃ­stnÃ­ prÅ¯vodce Â· 24 recenzÃ­ Â· 16 fotek,ÃšternÃ­ menu: KuÅ™ecÃ­ vÃ½var byl vlaÅ¾nÃ¡ mastnÃ¡ voda s kousky kuÅ™ecÃ­ho a tÄ›stovinami. S opravdovÃ½m vÃ½varem nemÄ›l nic spoleÄnÃ©ho. Zato jelenÃ­ kÃ½ta na smetanÄ› s houskovÃ½m knedlÃ­kem byla vynikajÃ­cÃ­. Ta by si zaslouÅ¾ila 5*. PolÃ©vka pokazila celkovÃ½ dojem. Cena 160 KÄ je dobrÃ¡.,2025-05-15
3,Pavla Vecerova,MÃ­stnÃ­ prÅ¯vodce Â· 87 recenzÃ­ Â· 20 fotek,"Objednala jsem si capucino, donesli mi ho vylite ğŸ˜…ğŸ˜¬. jÃ­dlo uspokojove, nic vymecneho. Obsluha prÅ¯mÄ›rnÃ¡, stejnÄ› jak celÃ¡ restaurace. â€¦",2022-05-16
1,Tereza TurkovÃ¡,3 recenze,"Na chatu chodÃ­vÃ¡me Äasto, kvÅ¯li blÃ­zkosti ke Å¡kole, ale obsluha je naprosto pÅ™Ã­Å¡ernÃ¡. Je protivnÃ¡ a neochotnÃ¡. UÅ¾ opakovanÄ› se stalo, Å¾e kdyÅ¾ jde vÃ­c lidÃ­, tak si velice rÃ¡di pÅ™idÃ¡vajÃ­ pitÃ­, kterÃ© reÃ¡lnÄ› nebyly objednÃ¡ny.",2023-05-16
4,Jiri Kral,MÃ­stnÃ­ prÅ¯vodce Â· 56 recenzÃ­ Â· 121 fotek,"NÃ¡hodnÃ¡ nÃ¡vÅ¡tÄ›va, menÅ¡Ã­ restaurace v ÄŒernÃ½ch polÃ­ch, v nedÄ›li konÄÃ­ dost brzo. VÃ½bÄ›r je jednoduÅ¡Å¡Ã­, ale vybrat se dÃ¡ velmi dobÅ™e a chutnalo nÃ¡m. Spokojenost, stojÃ­ za nÃ¡vÅ¡tÄ›vu.",2025-05-15
2,Petra TomÃ¡nkovÃ¡,2 recenze,"BydlÃ­me v okolÃ­ pÅ™es 3 roky. DÅ™Ã­v jsme sem chodili ÄastÄ›ji, moc nÃ¡m tady chutnalo, vÅ¾dycky pÅ™Ã­jemnÃ¡ obsluhaâ€¦ To se  ale zmÄ›nilo. Od tÃ© doby co se personÃ¡l vystÅ™Ã­dal uÅ¾ to nenÃ­ jako dÅ™Ã­v. Obsluha je â€¦ nepÅ™Ã­jemnÃ¡ je slabÃ© slovo. PokaÅ¾dÃ© co jsme tam za poslednÃ­ dobu byli vÅ¾dycky Å¡patnÃ¡ zkuÅ¡enost hlavnÄ› kvÅ¯li obsluze. EvidentnÄ› nejsou ani sehranÃ­. MÃ¡m pocit, ze dÅ™Ã­v jich bylo snad i mÃ­Åˆ a zvlÃ¡dali mnohem lÃ­p neÅ¾ to co se tam zamÄ›stnÃ¡vÃ¡ nynÃ­. Za mÄ› velkÃ© zklamÃ¡nÃ­ restaurace, kterou jsme dÅ™Ã­ve vÅ¡em doporuÄovali a Äasto navÅ¡tÄ›vovali.",2023-05-16
2,TomÃ¡Å¡ JelÃ­nek,4 recenze,"Na ChatÄ› jsme snad nikdy neplatili za to, co jsme reÃ¡lnÄ› vypili. Pochopil bych, Å¾e se to stane jednou, ale zÃ¡mÄ›na jedenÃ¡ctek za dvanÃ¡ctky a ÃºÄtovÃ¡nÃ­ piv, kterÃ© reÃ¡lnÄ› nikdo nevypil, ani neobjednal, je zde bÄ›Å¾nou praxÃ­. KdyÅ¾ navÃ­c servÃ­rka Å™ekne vyÅ¡Å¡Ã­ ÄÃ¡stku, neÅ¾ jakÃ¡ jÃ­ svÃ­tÃ­ na pokladnÄ›, to je opravdu nehorÃ¡znost. Dohadovat se nebudu, hanba by mÄ› fackovala. JÃ­dlo je prÅ¯mÄ›rnÃ©.",2025-05-15
2,Lukas Bezruc,7 recenzÃ­,"VÄera jsme se zastavili na veÄeÅ™i. Pivo dobrÃ©, ale jÃ­dlo otÅ™esnÃ©. Dal jsem si Tex-mex burger a po 3 kousnutÃ­ch kdy jsem vyplivl 2 kÅ™upky jsem dojedl. KdyÅ¾ jsem vytÃ¡hl prvnÃ­ Å™ekl jsem si, stÃ¡t se to mÅ¯Å¾e. U druhÃ© mÄ› pÅ™eÅ¡la chuÅ¥. Bulka i nÃ¡plÅˆ vÃ½bornÃ¡, ale maso nedochucenÃ© a s kÅ™upkami. Asi mÄ›li nÄ›kde v supermarketu mletÃ© maso ve slevÄ›. Jinak si to nedokÃ¡Å¾u vysvÄ›tlit. Na jÃ­dlo sem uÅ¾ urÄitÄ› nepÅ¯jdeme.",2025-05-15
5,Sabina Valder,MÃ­stnÃ­ prÅ¯vodce Â· 431 recenzÃ­ Â· 1 191 fotek,"Tatarak byl vÃ½bornÃ½, pÄ›knÃ¡ restaurace a milÃ¡ obsluha. V lÃ©tÄ› velkÃ¡ zahrÃ¡dka",2019-05-17
5,MiloÅ¡ Johanis,MÃ­stnÃ­ prÅ¯vodce Â· 93 recenzÃ­ Â· 516 fotek,"DoporuÄuji, polednÃ­ menu bylo vynikajÃ­cÃ­.",2025-02-14
3,Petr Novak,6 recenzÃ­,"Byli jsme zde na obÄ›dÄ› po pohÅ™bu. KrÃ¡snÃ© mÃ­sto, vÃ½bornÃ© jÃ­dlo, ale personÃ¡l pÅ™Ã­Å¡ernÃ½. TÅ™i naÅ¡tvanÃ© ÄÃ­Å¡nice, ta jedna teda ÃºplnÄ› zuÅ™ila,pÅ™Ã­snÃ© chovÃ¡nÃ­. Nepamatovali jsi objednÃ¡vky, sleÄna pÅ™ibÄ›hla do salÃ³nku a vyÅ™vÃ¡vala koho jsou ty hranolky, koho je ta vÃ½deÅˆ, straÅ¡nÃ©, hroznÃ© chovÃ¡nÃ­.",2023-05-16
3,Anna Krutova,MÃ­stnÃ­ prÅ¯vodce Â· 54 recenzÃ­ Â· 35 fotek,"VÃ½bornÃ© jÃ­dlo, snaÅ¾ivÃ¡ obsluha, vaÅ™Ã­ aÅ¾ do 22. Za nÃ¡s, naprostÃ¡ spokojenost. :))
JistÄ›, najdou se chybky, jako nedoneÅ¡enÃ© skleniÄky, nebo popletenÃ¡ objednÃ¡vka (za coÅ¾ se obsluha nÄ›kolikrÃ¡t omluvila), ale celkovÃ½ dojem velmi kladnÃ½.

BohuÅ¾el musÃ­m po poslednÃ­ch zkuÅ¡enostech recenzi poupravit. CelÃ½ dojem z Chaty je totiÅ¾ danÃ½ tÃ­m, jak se zrovna posklÃ¡dÃ¡ smÄ›na. ObÄas velmi mile servÃ­rky, obÄas si pÅ™ipadÃ¡te, Å¾e obsluhu maximÃ¡lnÄ› obtÄ›Å¾ujete (konkrÃ©tnÄ› 1.5., kdyÅ¾ jsme si zaÅ¡li na obÄ›d).

JÃ­dlo je sice opravdu dobrÃ©, ovÅ¡em uÅ¾ takÃ© dost drahÃ©. PÅ™Ã­lohy se nedostanou pod 45KÄ. NejvÃ­c mÄ› dostaly hranolky za 52KÄ, kterÃ© ovÅ¡em nebyly domÃ¡cÃ­ ale kupovanÃ©.

Chata je fajn podnik, takÃ© vÄ›tÅ¡inou jeden z mÃ¡la otevÅ™enÃ½ch, ale kdyÅ¾ se to vÅ¡echno seÄte, tak pokud nepotÅ™ebujete skuteÄnÄ› urgentnÄ› jÃ­dlo, je lepÅ¡Ã­ si zajÃ­t do mÄ›sta.",2023-05-16
5,OndÅ™ej Burget,MÃ­stnÃ­ prÅ¯vodce Â· 102 recenzÃ­ Â· 193 fotek,"PÅ™Ã­jemnÃ© a klidnÃ© prostÅ™edÃ­, dobrÃ© pivo ğŸ»",2023-05-16
3,Ivana BoÅ¾kovÃ¡,42 recenzÃ­ Â· 281 fotek,"UÅ¾ po tÅ™etÃ­ se stalo,Å¾e kdyÅ¾ jsem odchÃ¡zela tady z tÃ© restaurace tak jsem smrdÄ›la jak z udÃ­rny. AÄ jsem nic nejedla, jen jsem mÄ›la kÃ¡vu a vodu. NemajÃ­ asi v kuchyni odsÃ¡vÃ¡nÃ­ a vÅ¡echen smrad z vaÅ™enÃ­ jde do restaurace.",2025-05-15
2,Martina hanuÅ¡ovÃ¡,2 recenze,"ChodÃ­me sem pravidelnÄ› na menÃ­Äka, kterÃ¡ majÃ­ dobrÃ¡ a za pÅ™Ã­znivou cenu, vÄetnÄ› vÃ­kendovÃ©ho menu. NicmÃ©nÄ› dnes jsme vyjÃ­meÄnÄ› objednali ze standardnÃ­ho jÃ­delnÃ­ho lÃ­stku a odchÃ¡zeli jsme velmi zklamanÃ­ a nespokojenÃ­. SvÃ­ÄkovÃ¡ byla naprostÃ¡ katastrofa. Å˜Ã­dkÃ¡ bÃ©Å¾ovÃ¡ omÃ¡Äka ve stylu Å¡kolnÃ­ jÃ­delny, ve kterÃ© plavaly kousÃ­Äky mrkve, maso bylo ÃºplnÄ› bez chuti a tak tvrdÃ©, Å¾e se nedalo ukrojit, natoÅ¾ snÃ­st. VÅ¯bec se to nepodobalo svÃ­ÄkovÃ©, kterou jsem zde mÄ›la v minulosti, a na kterou jsem se tÄ›Å¡ila. MÃ­sto toho jsem dostala velmi oÅ¡izenou verzi, kterÃ¡ v Å¾Ã¡dnÃ©m pÅ™Ã­padÄ› neodpovÃ­dala cenÄ›. PevnÄ› doufÃ¡m, Å¾e Å¡lo o jednorÃ¡zovÃ© pochybenÃ­, ale i tak mi to zkazilo celkovÃ½ dojem z tÃ©to restaurace.",2022-05-16
1,Dominik Martini,MÃ­stnÃ­ prÅ¯vodce Â· 43 recenzÃ­ Â· 2 fotky,"ProstÅ™edÃ­ ÄistÃ©, obsluha bÄ›Å¾nÃ¡ prÅ¯mÄ›rnÃ¡.
BohuÅ¾el menÃ­ÄkovÃ½ steak mÄ›l hodnÄ› tlustÃ©ho, dodÃ¡vÃ¡na â€œomÃ¡Äkaâ€ byla velmi nevhodnÃ¡ k masu, smetana se ke â€œsteakuâ€ nehodila a hranolky bohuÅ¾el jemnÄ› gumovÃ©.

CelkovÄ› jÃ­dlo nemÃ¡ vyladÄ›nÃ½ chuÅ¥ovÃ½ profil, prezentaci a ani provedenÃ­.",2023-05-16
2,Jan DivÃ­Å¡ek,5 recenzÃ­,"DÃ¡t si tady jÃ­dlo je sÃ¡zka do loterie. NÄ›kdy je dobrÃ© a jindy katastrofa. UÅ¾ nÄ›kolikrÃ¡t se mi stalo, Å¾e maso bylo tak tuhÃ© nebo gumovÃ©, Å¾e vÅ¯bec neÅ¡lo rozkousat.",2025-05-15
2,Marek FojtÃ¡ch,15 recenzÃ­,"ObÄas chodÃ­m na Chatu na dennÃ­ menu a s jÃ­dlem jsem spokojen jen nÄ›kdy. JÃ­dla jsou Äasto tÄ›Å¾kÃ¡ a mastnÃ¡. ChÃ¡pu, Å¾e se jednÃ¡ o stakehouse, ale chybÃ­ mi v jidlech vÃ­ce zeleniny a odlehÄenÃ© pÅ™Ã­lohy. UvnitÅ™ je vÅ¾dy vÃ½raznÃ½ pach kuchynÄ› a ÄlovÄ›k po nÃ¡vÅ¡tÄ›vÄ› mÅ¯Å¾e hodit obleÄenÃ­ do praÄky.",2023-05-16
1,Jakub Meduna,3 recenze,"ÄŒÃ­m zaÄÃ­t... asi od nejmÃ­Åˆ nejhorÅ¡Ã­ho. Po pÅ™Ã­chodu na zahrÃ¡dku jsme Äekali 10 minut na to jestli vÅ¯bec pÅ™ijde obsluha kdyÅ¾ uÅ¾ jsme mÄ›li chuÅ¥ odejÃ­t se u nÃ¡s najednou ocitla servÃ­rka znaÄnÄ› znechucenÃ¡ ani nepozdravila a zeptala se zda mÃ¡me objednÃ¡no. Tak jsme si objednali z polednÃ­ho menu polÃ©vku, hlavnÃ­ chod a k tomu malou limÄu. PitÃ­ donesl ÄiÅ¡nÃ­k docela rychle nicmÃ©nÄ› po ochutnÃ¡nÃ­ limonÃ¡dy se mi vybavil ten nejlevnÄ›jÅ¡Ã­ ovocnÃ½ sirup ze supermarketu obohacenÃ½ o bublinky. O pÃ¡r minut pozdÄ›j pÅ™ilÃ­tla servÃ­rka s ÄoÄkovou polÃ©vkou v miskÃ¡ch, kterou po cestÄ› rozlila na talÃ­Å™ky s ubrousky. U polÃ©vky jsme mÄ›l silnÃ© podezÅ™enÃ­, Å¾e nÄ›kdo uvaÅ™il sluÅ¡nou ÄoÄkovou polÃ©vku nicmÃ©nÄ› ji pak nÄ›kdo hamiÅ¾nÃ½ naÅ™edil a udÄ›lal z nÃ­ totÃ¡lnÃ­ vodovku k ÄemuÅ¾ byla jeÅ¡tÄ› polÃ©vka studenÃ¡ jak psÃ­ ÄumÃ¡k. HlavnÃ­ chod uÅ¾ tak Å¡patnÃ½ nebyl nicmÃ©nÄ› porce nijak zvlÃ¡Å¡Å¥ velkÃ¡. U jednoho jÃ­dla jsme mÄ›li podezÅ™enÃ­ na Å¾ampiony z konzervy a jÃ­dlo bylo samozÅ™ejmÄ› opÄ›t vlÃ¡Å¾nÃ©. Co nÃ¡s dorazilo byla moÅ¾nost platby pouze uvnitÅ™ na baru. Restauraci nedoporuÄuji a samozÅ™ejmÄ› uÅ¾ se v tomto stÃ¡nku nezastavÃ­me.",2022-05-16
1,ZdenÄ›k Å mora,MÃ­stnÃ­ prÅ¯vodce Â· 8 recenzÃ­ Â· 57 fotek,"AbsolutnÄ› neadekvatnÃ­ pÅ™Ã­stup obsluhy! JistÄ› se kaÅ¾dÃ©mu z VÃ¡s jiÅ¾ stalo, Å¾e jste zavÃ­tali do restaurace, vidÄ›li otevÅ™enÃ© dveÅ™e a aniÅ¾ by jste Å™eÅ¡ili otevÃ­racÃ­ dobu na dveÅ™Ã­ch vstoupili a tam VÃ¡s s ÃºsmÄ›vem mile oslovila obsluha a poÅ¾Ã¡dala, aÅ¥ pÅ™Ã­jdete pozdÄ›ji, Å¾e jeÅ¡tÄ› nenÃ­ otevÅ™eno. Tak toho se zde asi tÄ›Å¾ko doÄkÃ¡te. I pÅ™es fakt, Å¾e jeÅ¡tÄ› nebylo Å™Ã¡dnÄ› otevÅ™eno, VÃ¡s obsluha pozdravÃ­, nechÃ¡ si sednout a v klidu Äekat i desÃ­tky minut, neÅ¾ odbije na hodinÃ¡ch otevÃ­racÃ­ doba! PÅ™itom staÄÃ­ jedinÃ¡ informaÄnÃ­ vÄ›ta, Å¾e se jeÅ¡tÄ› neobsluhuje, ale nic, tady prostÄ› ne. Na zÃ¡vÄ›r, kdyÅ¾ uÅ¾ se tedy doÄkate a poprosÃ­te obsluhu o zaplacenÃ­ ""kaÅ¾dÃ½ zvlÃ¡Å¡Å¥"", tak je VÃ¡m pÅ™edhozen chumel ÃºÄtenek, Å¾e to je vÅ¡e VaÅ¡e. PÅ™itom ÃºÄtenky absolutnÄ› nesedÃ­ podle plateb jednotlivcÅ¯. MyslÃ­m, Å¾e sleÄna si asi neuvÄ›domuje, Å¾e ne kaÅ¾dÃ½ hlÃ­dÃ¡ jejich EET trÅ¾by, ale Å¾e jen potÅ™ebuje doklad, tÅ™eba pro zamÄ›stnavatele, jako vÃ½daj. RozhodnÄ› se nejednalo o pÅ™Ã­jemnÃ© posezenÃ­.",2020-05-16
3,TomÃ¡Å¡ MarnÃ½,4 recenze,"ChystÃ¡m se tam se smÃ­Å¡enÃ½mi pocity. ChodÃ­me tam od nÃ¡zvu Farma pravidelnÄ› a Äasto pÅ™es 15 let a je to pestrÃ©. Pod poslednÃ­ znaÄkou Chata jsem zaÅ¾il, Å¾e nÃ¡m donesli mÃ­sto 7letÃ©ho rumu 5letÃ½ - coÅ¾ se dÃ¡ pochopit, byli jsme v pracovnÃ­m a vÃ½mÄ›na za objednanÃ½ byla okamÅ¾itÃ¡. Ale takÃ© loni, mÃ­sto Bombay saphir donesla ÄÃ­Å¡nice nepoÅ¾ivatelnou prÅ¯hlednou tekutinu. A neomluvitelnÃ©, protoÅ¾e s rodinou, a kalit vody uÅ¾ pÅ™i pÅ™Ã­pitku je neomluvitelnÃ©. TakÅ¾e brÃ¡t, kuchynÄ› vÃ½bornÃ¡, ale nevymÃ½Å¡let! Rum, Becher pivo se nedÃ¡ moc oÅ¡idit. ProspÄ›l by ÄastÄ›jÅ¡Ã­ dohled majitele a pÅ™Ã­padnÄ› znovu zavedenÃ­ tÄ›lesnÃ½ch trestÅ¯ pro pikolÃ­ky a trestu sm.ti pro neÄestnÃ© obchodnÃ­ky - viz nejvÄ›tÅ¡Ã­ z ÄŒechÅ¯, Karel IV. Ale jdeme, je to boj, ale prostÅ™edÃ­ v lÃ©tÄ› skvÄ›lÃ©. Snad pÅ™eÅ¾il kuchaÅ™ koronÃ¡Äe.",2022-05-16
1,Michal Prudik,2 recenze,"Restaurace je v pÅ™Ã­jemnÃ© lokalitÄ›. NachÃ¡zÃ­ se v obloÅ¾enÃ­ stromÅ¯. OvÅ¡em obsluha je velkÃ© Å¡patnÃ©. Jejich vÃ½raz kdyÅ¾ se objednala vÄ›tÅ¡Ã­ objednÃ¡vka byla vÃ½razem â€œopravdu? NÃ¡m se nechceâ€. Restaurace byla ani nÃ© z 1/2 zaplnÄ›na a na pitÃ­ jsme Äekali 20 minut. Na jÃ­dlo jsme Äekali 60 min. JedinÃ¡ vÃ½hoda, Å¾e jsou velkÃ© porce. Jednou staÄilo.",2025-05-15
4,Ladislav Fuchs,MÃ­stnÃ­ prÅ¯vodce Â· 175 recenzÃ­ Â· 762 fotek,"PoklidnÃ¡ restaurace ,bohatÃ¡ nabÃ­dka hotovÃ½ch jÃ­del,personÃ¡l ochotnÃ½.",2020-05-16
5,Tomas Spurny,MÃ­stnÃ­ prÅ¯vodce Â· 157 recenzÃ­ Â· 365 fotek,"Tento tÃ½den jsme byli dvakrÃ¡t s pejsky na piveÄku. Pivo velmi dobrÃ©. Jde vidÄ›t Å¾e se starajÃ­. Obsluha velmi pÅ™Ã­jemnÃ¡, ochotnÃ¡ usmÄ›vavÃ¡. I k pejskÅ¯m byl milÃ½ pÅ™Ã­stup. Na piveÄko zase zajdeme",2025-05-15
5,Jiri Opletal,MÃ­stnÃ­ prÅ¯vodce Â· 20 recenzÃ­,"VÃ½bornÃ© jÃ­dlo, pÅ™Ã­jemnÃ¡ obsluha a velice ÃºtulnÃ½ interiÃ©r.",2024-10-17
2,KryÅ¡tof Kubinec,6 recenzÃ­ Â· 6 fotek,"AÅ¾ na jednu pÅ™Ã­jemnou sleÄnu je Na ChatÄ› snad nejnechutnÄ›jÅ¡Ã­ obsluha v BrnÄ› - zejmÃ©na jedna blond postarÅ¡Ã­ servÃ­rka - neumÃ­ pozdravit, usmÃ¡t se, o obslouÅ¾enÃ­ se musÃ­ ÄlovÄ›k skoro doÅ¾adovat. KdyÅ¾ mÃ¡te to Å¡tÄ›stÃ­ a panÃ­ sestoupÃ­ ze slonovinovÃ© vÄ›Å¾e aby udÄ›lala to, za co je placenÃ¡, je nepÅ™Ã­jemnÃ¡, arogantnÃ­, odsekÃ¡vÃ¡ a je schopnÃ¡ beze slova odejÃ­t dÅ™Ã­ve, neÅ¾ celÃ½ stÅ¯l dokonÄÃ­ objednÃ¡vku - a po nÃ¡vratu, kdy si chcete teda doobjednat, na VÃ¡s prskÃ¡ za to, Å¾e jste pÅ™i pÅ¯vodnÃ­ objednÃ¡vce nebyli dostateÄnÄ› rychlÃ­. NejednÃ¡ se o exces - tahle panÃ­ se tak chovÃ¡ pÅ™i kaÅ¾dÃ© nÃ¡vÅ¡tÄ›vÄ› podniku. BohuÅ¾el to kamkoliv jinam mÃ¡me daleko, tak jsme nuceni tento masochismus provÃ¡dÄ›t pravidelnÄ›. 2 hvÄ›zdiÄky jsou za vÄ›tÅ¡inou dobrÃ© pivo. JÃ­dlo je zde na Brno uÅ¾ bohuÅ¾el obyÄejnÃ½ prÅ¯mÄ›r, nÄ›kdy podprÅ¯mÄ›r.",2020-05-16
3,Hanka Fi,MÃ­stnÃ­ prÅ¯vodce Â· 85 recenzÃ­ Â· 64 fotek,"ZkuÅ¡enost pouze s polednÃ­m menÃ­Äkem. JÃ­dlo dobrÃ©, ceny pÅ™imÄ›Å™enÃ©. Jen ta obsluha! PatrnÄ› brigÃ¡dnÃ­ci. NejdÅ™Ã­v vÃ¡m pÅ™inesou hlavnÃ­ jÃ­dlo, pak polÃ©vku... Ale pÅ™Ã­jemnÃ© sezenÃ­ venku.",2023-05-16
1,KateÅ™ina HÃ¶nigovÃ¡,3 recenze,"Recenze tÃ©mÄ›Å™ nikdy nepÃ­Å¡i, ale po ÄtvrteÄnÃ­ nÃ¡vÅ¡tÄ›vÄ› tento tÃ½den na polednÃ­ menu jsem si Å™ekla, Å¾e musÃ­m, a to jsem jeÅ¡tÄ› nevÄ›dÄ›la, co mÄ› ÄekÃ¡.
Objednala jsem si domÃ¡cÃ­ tagliatelle s omÃ¡Äkou z bÃ­lÃ©ho vÃ­na a krevetami.
JiÅ¾ pÅ™i pÅ™inesenÃ­ jÃ­dlo nebylo vÅ¯bec lÃ¡kavÃ©. TÄ›stoviny naprosto rozvaÅ™enÃ©, nedochucenÃ©. JednotlivÃ© sloÅ¾ky omÃ¡Äky se od sebe asi po minutÄ› zaÄaly oddÄ›lovat, nejednalo se vÅ¯bec o Å¾Ã¡dnou omÃ¡Äku z vÃ­na, ale o klasickou ''smetanovou'' omÃ¡Äku z krabice, obsahujÃ­cÃ­ spoustu Å¡krobu. JÃ­dlo bylo absolutnÄ› nedochucenÃ©, krevety mÄ›ly bÃ½t dochuceny Äesnekem, coÅ¾ vÅ¯bec nebyly, navÃ­c se jednalo o krevety velikosti max 1 cm. Na jÃ­dle jsem si vÅ¯bec nepochutnala a z restaurace jsem odchÃ¡zela otrÃ¡venÃ¡ (myÅ¡leno psychicky). BohuÅ¾el co nÃ¡sledovalo v prÅ¯bÄ›hu dne, byla otrava opravdovÃ¡, otrava z jÃ­dla, potvrzeno lÃ©kaÅ™em. To, co jsem proÅ¾ila, nikomu nepÅ™eji, krevety tedy nemohly bÃ½t v poÅ™Ã¡dku. VÅ¯bec nechÃ¡pu, jak si tato restaurace mÅ¯Å¾e dovolit podat takto nechutnÃ© jÃ­dlo, i kdyby nenÃ¡sledovala otrava, jÃ­dlo se opravdu nedalo tÃ©mÄ›Å™ pozÅ™Ã­t. MÅ¯j doprovod mÄ›l hovÄ›zÃ­ steak s brambory, kterÃ½ byl kvalitou ÃºplnÄ› nÄ›kde jinde, a to byl rozdÃ­l v cenÄ› pouze 20 korun, ÄemuÅ¾ takÃ© nerozumÃ­m.
JedinÃ©, co hodnotÃ­m pozitivnÄ›, je obsluha, tmavovlasÃ½ ÄÃ­Å¡nÃ­k i servÃ­rka byli rychlÃ­ a velice milÃ­, coÅ¾ se v tÃ©to restauraci bÄ›Å¾nÄ› nevidÃ­.",2020-05-16
3,Jana NeÄasovÃ¡,9 recenzÃ­ Â· 13 fotek,"VÅ¡echno ok, aÅ¾ na servÃ­rku, kterÃ¡ mÃ¡ vytetovanÃ½ obliÄej na rameni. HrÅ¯za, Å¡Ã­lenost. Kdyby tady byla jinÃ¡ restaurace (do Piccola dole na Merhautce chodÃ­me), tak uÅ¾ nÃ¡s tu nikdo dlouho nevidÄ›l. Pokud to dÄ›lat nechce, aÅ¥ to nedÄ›lÃ¡, prÃ¡ce s lidma nenÃ­ pro vÅ¡echny a ty tÅ™i hvÄ›zdy jsou kvÅ¯li ostatnÃ­m zamÄ›stnancÅ¯m, mÃ­stu a jÃ­dlu. Kdybychom tu byli jednou a nevÄ›dÄ›li to, tak by bylo hodnocenÃ­ ÄistÃ¡ a jednoznaÄnÃ¡ nula (coÅ¾ nejde:)).",2023-05-16
1,Jakub SolaÅ™,MÃ­stnÃ­ prÅ¯vodce Â· 16 recenzÃ­ Â· 13 fotek,"VÃ½hercem nejhnusnÄ›jÅ¡Ã­ho piva v ÄŒernÃ½ch PolÃ­ch se stÃ¡vÃ¡.... Na ChatÄ›. KdyÅ¾ k tomu pÅ™ipoÄteme, Å¾e se mi snaÅ¾ili prodat roast beef, kterÃ½ byl upeÄen tak, Å¾e z toho chudÃ¡k celÃ½ zeÅ¡edivÄ›l. NenÃ­ jinÃ¡ volba neÅ¾ obligÃ¡tnÃ­ jedna hvÄ›zda a to jenom proto, Å¾e do mÃ­nusu to nejde. ODPAD...",2022-05-16
1,Jana HrachovinovÃ¡,1 recenze,"BohuÅ¾el nemohu restauraci doporuÄit. 2/2 a Å¡patnÃ¡ zkuÅ¡enost. ProtivnÃ¡ obsluha, na pivo jsem Äekala snad 20 minut, potÃ© jsme se zvedla a Å¡la na bar s tÃ­m, Å¾e panÃ­ prosÃ­m o dalÅ¡Ã­ pivo. Ta mi jen arogantnÄ› odpovÃ­: a kam ho mÃ¡m jako donÃ©st? PotÃ©, co jsem jÃ­ ukÃ¡zala nÃ¡Å¡ stÅ¯l a Å¡la si sednout, tak jsme se s kamarÃ¡dkou doÄkaly jen jednoho piva s arogantnÃ­m komentÃ¡Å™em: ""ty kruÅ¡ovice budou trvat jeÅ¡tÄ› dlouho"". Po dalÅ¡Ã­ch 12 minutÃ¡ch koneÄnÄ› dostÃ¡vÃ¡m svÃ© pivo, ovÅ¡em v umaÅ¡tÄ›nÃ© sklence. O malÃ©m pivÄ› ""podmÃ­rÃ¡ku"", kterÃ½ smrdÄ›l jak zatuchlÃ½ pes, uÅ¾ se asi ani nezmiÅˆuji. BohuÅ¾el, dvÄ› nÃ¡vÅ¡tÄ›vy a obÄ› dvÄ› Å¡patnÄ› mÃ© pÅ™esvÄ›dÄily o tom, Å¾e tuto ""restauraci"" uÅ¾ nikdy nenavÅ¡tÃ­vÃ­m.",2021-05-16
4,Ivo TrnavskÃ½,3 recenze,"FandÃ­m jim, ale obÄas to nenÃ­ na 4*. LimonÃ¡da, kterÃ¡ nepÄ›nÃ­ a je cm pod rysku, to nepochopÃ­m nikde.",2025-05-15
4,Barbora KrÃ¡lovÃ¡,MÃ­stnÃ­ prÅ¯vodce Â· 99 recenzÃ­ Â· 86 fotek,Obsluha velmi rychlÃ¡ a pÅ™Ã¡telskÃ¡. V restauraci chybÃ­ svÄ›tlo a je tam i velkÃ© teplo. CoÅ¾ je uspÃ¡vajÃ­cÃ­. Jinak vÅ¡e v poÅ™Ã¡dku.,2025-05-15
1,Ivana Hortvikova,MÃ­stnÃ­ prÅ¯vodce Â· 9 recenzÃ­ Â· 12 fotek,"V 11:45 pÅ™ijdete do restaurace, pÅ™inesou vÃ¡m polÃ©vku, objednÃ¡te si a ÄekÃ¡te. KdyÅ¾ uÅ¾ ale ÄekÃ¡te na polednÃ­ menu 15 minut, tak uÅ¾ si Å™Ã­kÃ¡te Å¾e kaÅ¾dou chvilku vÃ¡m jej musÃ­ pÅ™inÃ©st. Do toho zaÄnou chodit dalÅ¡Ã­ hostÃ© a vy si postupnÄ› vÅ¡imnete, Å¾e ten stul vedle vÃ¡s co pÅ™iÅ¡el pÅ™ed 5 minutami uÅ¾ jÃ­dlo mÃ¡. To uÅ¾ ÄekÃ¡te 30 minut. PoÄkÃ¡te tedy jeÅ¡tÄ› dalÅ¡Ã­ch 10 minut a mezitÃ­m jsou obslouÅ¾eny dalÅ¡Ã­ 3 stoly. Tak vÃ¡m dojde trpÄ›livost a odejdete. Kdyby to bylo poprvÃ©, ale tohle se mi stalo uÅ¾ 4x. Jednou jsem Äekala dokonce vÃ­ce jak hodinu. ChÃ¡pu, kdyÅ¾ je v restauraci hodnÄ› lidÃ­, ale kdyÅ¾ vidÃ­te, Å¾e je x lidÃ­, kteÅ™Ã­ pÅ™iÅ¡li po vÃ¡s obslouÅ¾eno, tak nenÃ­ vÅ¡e ÃºplnÄ› v poÅ™Ã¡dku.",2021-05-16
1,Lukas Pokorny,7 recenzÃ­ Â· 3 fotky,"Driv sem clovek rad zasel, ale uz nikdy vÃ­ce. Opakovane problÃ©my s obsluhou, nepÅ™Ã­jemnÃ½ personÃ¡l, vse pomalÃ©. A aby se vas servÃ­rka arogantnÄ› a drze zeptala: Nejaky problem? Bud se majitel o provoz nezajÃ­mÃ¡, nebo je mu to jedno",2023-05-16
5,Jana BudaÅ™ovÃ¡,MÃ­stnÃ­ prÅ¯vodce Â· 47 recenzÃ­ Â· 5 fotek,HezkÃ© mÃ­sto a milÃ¡ a vstÅ™Ã­cnÃ¡ sleÄna servÃ­rka.  DÄ›kuji ğŸ™ğŸ»,2024-09-17
2,Marcel JanÃ¡Äek,5 recenzÃ­,"Restaurace kde jsem  slavil 1.narozeniny svÃ© dcery ,dvoje promoce a chodil skoro kaÅ¾dou nedÄ›li na obÄ›d. Po dneÅ¡nÃ­m zÃ¡Å¾itku uÅ¾ do tÃ©to Restaurace nikdy nevkroÄÃ­m. Ze tÅ™Ã­ piv, jsem jedno dostal zvÄ›tralÃ© a druhÃ© zkvaÅ¡enÃ© PÅ™Ã­stup servÃ­rky velmi Å¡patnÃ½  JÃ­dlo prÅ¯mÄ›rnÃ©,nic proÄ bych se mÄ›l vracet.",2023-05-16
4,MatÄ›j Å mejkal,2 recenze,"VstÅ™Ã­cnÃ¡ obsluha - obslouÅ¾ili nÃ¡s rychle a to i pÅ™es to, Å¾e se soubÄ›Å¾nÄ› museli vÄ›novat svatebÄanÅ¯m vedle. JÃ­dlo jako takovÃ© bylo chutnÃ©. DoporuÄil bych ztlumit trochu hudbu, dost ruÅ¡Ã­ konverzaci. CelkovÄ› ale fajn restaurace :-)",2023-05-16
2,Jan Vintr (York),MÃ­stnÃ­ prÅ¯vodce Â· 667 recenzÃ­ Â· 749 fotek,"Restaurace poloprÃ¡zdnÃ¡ v dobÄ› veÄeÅ™e nenÃ­ dobrÃ© znamenÃ­. JÃ­dlo bylo mÃ¡lo dochucenÃ©, za mÄ› horÅ¡Ã­ prÅ¯mÄ›r. Obsluha kyselÃ¡ a vÅ¯bec nenÃ­ aktivnÃ­ v nabÃ­zenÃ­ dalÅ¡Ã­ho pitÃ­, coÅ¾ nechÃ¡pu, kdyÅ¾ z toho restaurace Å¾ije. Za mÄ› nedoporuÄuji. A doporuÄenÃ­ pro restauraci, zapracujte na sluÅ¾bÃ¡ch a jÃ­dle jinak tady po recesi nebudete.",2023-05-16
4,Pavla JelÃ­nkovÃ¡,MÃ­stnÃ­ prÅ¯vodce Â· 9 recenzÃ­ Â· 15 fotek,"Restaurace mÃ¡ opravdu pÄ›knou, velkou a zastÅ™eÅ¡enou zahrÃ¡dku, pÅ™ed nÃ­Å¾ se nachÃ¡zÃ­ dÄ›tskÃ© hÅ™iÅ¡tÄ›. To dÄ›lÃ¡ podnik vhodnÃ½ pro rodiny s menÅ¡Ã­mi dÄ›tmi. NabÃ­dka je Å¡irokÃ¡ a uspokojivÃ¡. Byla jsem zde mnohokrÃ¡t na obÄ›dÄ›, a rozhodnÄ› nemohu, jako jinÃ­ v recenzÃ­ch, Å™Ã­ct, Å¾e by mi nechutnalo. Na polednÃ­m menu jsou Äasto salÃ¡ty nebo jinÃ¡ lehkÃ¡ jÃ­dla a celkovÄ› k vÄ›tÅ¡inÄ› pokrmÅ¯ dÃ¡vajÃ­ nÄ›jakou zeleninu, coÅ¾ je milÃ©. Je teda fakt, Å¾e v lÃ©tÄ› pÅ™i plnÃ© zahrÃ¡dce jsem na jÃ­dlo Äekala nÄ›kdy aÅ¾ nepochopitelnÄ› dlouho, Å¾e jsem jednou radÄ›ji odeÅ¡la. VÄ›Å™Ã­m, Å¾e letos na sezÃ³nu posÃ­lÃ­ personÃ¡l. Pokud ÄlovÄ›k chce nÄ›co konkrÃ©tnÃ­ho, urÄitÄ› lepÅ¡Ã­ zavolat nebo pÅ™ijÃ­t kolem 12, pozdÄ›ji majÃ­ Äasto ÄÃ¡steÄnÄ› vyprodÃ¡no.",2022-05-16
4,Miss Hell,MÃ­stnÃ­ prÅ¯vodce Â· 51 recenzÃ­ Â· 69 fotek,"HezkÃ© a klidnÃ© posezenÃ­ na letni zahrÃ¡dce kousek od centra. VaÅ™Ã­ zde pÅ™evÃ¡Å¾nÄ› Äeskou kuchynÃ­ kterÃ¡ je dobrÃ¡. KaÅ¾dÃ½ vÅ¡ednÃ­ den majÃ­ v nabÃ­dce obÄ›dovÃ© menu.
ObÄas je problÃ©m si zde sednout a obsluha je pomalejÅ¡Ã­, ale dÃ¡ se to pochopit vzhledem k jejÃ­mu vytiÅ¾enÃ­. VÅ¾dy byla obsluha milÃ¡. â¤ï¸
Mohu doporuÄit pokud si chcete dopÅ™Ã¡t klidnÃ½, dobrÃ½ obÄ›d mimo ruchu mÄ›sta.",2022-05-16
3,Market KrejÄÃ­,5 recenzÃ­ Â· 3 fotky,"Restauraci navÅ¡tÄ›vuji jiÅ¾ nÄ›kolik let. JÃ­dlo dobrÃ©, aktuÃ¡lnÃ­ nabÃ­dka se mÄ›nÃ­, v lÃ©tÄ› pÅ™Ã­jemnÃ¡ zÃ¡hrÃ¡dka. PoslednÃ­ rok ale pÅ™evaÅ¾ujÃ­ negativa z velmi nepÅ™Ã­jemnÃ© obsluhy, kterÃ¡ je sice stÅ™Ã­dÃ¡na milejÅ¡Ã­m tÃ½mem, ale neochota druhÃ© dvojice je natolik odrazujÃ­cÃ­, Å¾e se ÄlovÄ›ku dovnitÅ™ uÅ¾ vÅ¯bec nechce. MyslÃ­m, Å¾e je to velkÃ¡ Å¡koda pro jinak pÅ™Ã­jemnÃ½ podnik.",2019-05-17
1,Honza Otrad,3 recenze,"JÃ­dlo prÅ¯mÄ›r, obsluha mÃ¡ 0 dovednostÃ­.
Na pivo vpoho ,ale obÄas jsem zajdem na narozeniny, ale druhÃ½ rok po sobÄ› jsme na jidlo Äekali 50minut. A jeÅ¡te 3 z 5 jidel byla studenÃ¡, obsluha se vymlouvÃ¡, pÅ™itom je jenom neschopnÃ¡ si rozvrhnout stoly a zahradku.
Sem uÅ¾ nikdy vÃ­ce.",2023-05-16
2,Jana Kralickova,4 recenze Â· 3 fotky,"ProstÅ™edÃ­ moc krÃ¡snÃ½, ale obsluha dost Å¡patnÃ¡. Obsluha kterÃ¡ tu dnes byla vypadala jak kdyby jsme ji s naÅ¡imi objednÃ¡vkami jenom obtÄ›Å¾ovali.
UÅ¾ jsme tu po nÄ›kolikÃ¡tÃ©, mÃ¡me rÃ¡di to prostÅ™edÃ­.. Ale zmÄ›nit obsluhu!",2023-05-16
1,Michal Å enk,11 recenzÃ­ Â· 9 fotek,"AbsolutnÄ› pÅ™Ã­Å¡ernÃ¡ zkuÅ¡enost. PÅ™ipouÅ¡tÃ­m, pÅ™i vstupu nÃ¡s mohla odradit tma a poÅ¡mourno, televize hrajÃ­cÃ­ hokej a fakt, Å¾e v restauraci zkrÃ¡tka nikdo nebyl, ale rozhodli jsme se nesoudit podle obalu. JeÅ¡tÄ› vÃ­ce alarmujÃ­cÃ­ pro nÃ¡s mÄ›ly byt mastnÃ© jÃ­delnÃ­ lÃ­stky a Å¡pinavÃ© stoly, kterÃ© nÃ¡m okamÅ¾itÄ› srazily chuÅ¥ k jÃ­dlu - koneckoncÅ¯, jak ÄistÃ¡ pak mÅ¯Å¾e bÃ½t kuchynÄ›? Obsluha byla vesmÄ›s milÃ¡ a rychlÃ¡, nemohla vÅ¡ak vynahradit obludnÃ½ design restaurace a celkovÄ› nepÅ™Ã­jemnou atmosfÃ©ru, kterÃ¡ v nÃ¡s podnÄ›covala spÃ­Å¡e touhu se rychle najÃ­st a utÃ©ct, neÅ¾li chuÅ¥ posedÄ›t. VÅ¡echno tohle vÅ¡ak bledne v porovnÃ¡nÃ­ se samotnÃ½m jÃ­dlem. NÃ¡mi objednanÃ© tÄ›stoviny a salÃ¡t zÅ™ejmÄ› jiÅ¾ nikdy nezapomeneme. Co se tÃ½Äe salÃ¡tu (Caesar), dresing ve mne vyvolÃ¡val dÃ¡vivÃ½ reflex, maso bylo vysuÅ¡enÃ© a studenÃ© a parmezanovÃ© hoblinky mÄ›ly z nÄ›jakÃ©ho dÅ¯vodu tvar nastrouhanÃ©ho parmezanu z Lidlu. TÄ›stoviny byly vÅ¡ak jeÅ¡tÄ› zajÃ­mavÄ›jÅ¡Ã­. Lze pominout fakt, Å¾e i pÅ™es to, Å¾e fyzicky neobsahovaly rajÄata mÄ›la jejich omÃ¡Äka Äervenou barvu. Co vÅ¡ak nelze pÅ™ejÃ­t je jejich naprosto nepochopitelnÄ› sladkÃ¡ chuÅ¥, kterou lze docÃ­lit snad jen pÅ™ehmÃ¡tnutÃ­m se mezi solÃ­ a cukrem. Nakonec, na chuti jim nepÅ™idal ani starÃ½ Å¡penÃ¡t. Obsluha byla naÅ¡Ã­ reakcÃ­ znaÄnÄ› pÅ™ekvapena a nejspÃ­Å¡e i uraÅ¾ena. No jo, ale co asi Äekat v BrnÄ›. Nikdy vÃ­c.",2019-05-17
5,Jana OsiÄkovÃ¡,MÃ­stnÃ­ prÅ¯vodce Â· 23 recenzÃ­ Â· 36 fotek,Moc rÃ¡di sem chodÃ­me na pivo a obÄ›d :),2023-05-16
1,David KÅ™Ã­Å¾,7 recenzÃ­,"ProstÅ™edÃ­ pÄ›knÃ©, ÄistÃ©. BohuÅ¾el obsluha pomalÃ¡, v dobÄ› MENU ÄekÃ¡me na polÃ©vku 10 minut a na hlavnÃ­ vÃ­ce jak 25 minut? To je ostÅ™enÃ©!",2025-05-15
2,Natalie Brezinova,MÃ­stnÃ­ prÅ¯vodce Â· 138 recenzÃ­ Â· 139 fotek,"Tento tÃ½den, padla volba na staÅ™enÃ½ steak a tÄ›Å¡ili jsme se na nejdraÅ¾Å¡Ã­ volbu z menu. Obsluha se ani neptala, jak mÃ¡ bÃ½t steak udÄ›lanÃ½, jÃ¡ dostala well done a z 50 % masa tvoÅ™ily flaksy. NejlepÅ¡Ã­ z jidla byly hranolky. PÅ™i placenÃ­ jsem byla smutnÃ¡, Å¾e jsem radÄ›ji nezvolila kuÅ™ecÃ­ stripsy. StaÅ™enÃ½ steak nedoporucuji.",2022-05-16
4,Roman Koznar,MÃ­stnÃ­ prÅ¯vodce Â· 237 recenzÃ­ Â· 17 fotek,"Obsluha pÅ™Ã­jemnÃ¡, hrÃ¡Å¡kovÃ½ krÃ©m bohuÅ¾el nebyl krÃ©m, ale pouze hrÃ¡Å¡kovÃ¡, kaÅ¾dopÃ¡dnÄ› kuÅ™ecÃ­ tortilla vÃ½bornÃ¡. 4.3/5.0",2025-05-15
3,Petra Grey,MÃ­stnÃ­ prÅ¯vodce Â· 44 recenzÃ­ Â· 9 fotek,"Bylo to fajn, ale je tu pÃ¡r vÄ›cÃ­, kterÃ© by bylo potÅ™eba vyladit. NapÅ™Ã­klad pÅ™Ã­bory na stolech nemÅ¯Å¾ou bÃ½t obrÃ¡cenÃ© tou stranou, kterou se ji, nahoru. Z hygienickÃ½ch dÅ¯vodÅ¯.  A kuchaÅ™ by taky potÅ™eboval pÃ¡r rad od Polrajcha. ğŸ˜Š â€¦",2023-05-16
1,JiÅ™Ã­ ZboÅ™il,MÃ­stnÃ­ prÅ¯vodce Â· 12 recenzÃ­ Â· 3 fotky,"TragickÃ¡ zkuÅ¡enost. ÄŒekÃ¡nÃ­ na dojitÃ­ obsluhy doslova nekoneÄnÃ©. PolÃ©vku jsme dostali vlaÅ¾nou, obsluha nepozdravila a jeÅ¡tÄ› polÃ©vku vylila. Zcela zÅ™ejmÄ› obsluha v poledne absolutnÄ› nestÃ­hÃ¡ a kvalita tomu odpovÃ­dÃ¡. Malinovka chutnala jako bublinkovÄ› naÅ™edÄ›nÃ½ sirup ze supermarketu. DruhÃ© jÃ­dlo bylo z Å¾ampionÅ¯ a chutnaly jako kdyby byly z konzervy. Znovu uÅ¾ nedojdu.",2022-05-16
5,Lucie RyskovÃ¡,5 recenzÃ­,"DneÅ¡nÃ­ svÃ­ÄkovÃ¡ s jelenÃ­m masem byla naprosto boÅ¾skÃ¡. CelkovÄ› majÃ­ velmi poctivÃ¡ a chutnÃ¡ menÃ­Äka. DoufÃ¡m, Å¾e to nÄ›kdo vyÅ™Ã­dÃ­ i kuchaÅ™i, protoÅ¾e toho majÃ­ skuteÄnÄ› opravdu hodnÄ› Å¡ikovnÃ©ho. DlouhodobÃ¡ spokojenost!",2019-05-17
4,Martina NÄ›mcovÃ¡,MÃ­stnÃ­ prÅ¯vodce Â· 9 recenzÃ­ Â· 9 fotek,"JÃ­dlo vÃ½bornÃ©, ale pobyt nÃ¡m zkazila kapajÃ­cÃ­ voda ze stropu z mÅ™Ã­Å¾ky na zÃ¡da kamarÃ¡da. Po informovÃ¡nÃ­ obsluhy jsme byli ujiÅ¡tÄ›ni, Å¾e o problÃ©mu vÃ­, ovÅ¡em jak vidno, radÄ›ji nechajÃ­ vodu kapat dÃ¡l na zÃ¡kaznÃ­ky...proto o hvÄ›zdu mÃ­Åˆ.",2018-05-17
3,LudÄ›k N,138 recenzÃ­ Â· 652 fotek,"Restaurace je umÃ­stÄ›na v klidnÃ© ÄÃ¡sti Brna, z ÄehoÅ¾ tÄ›Å¾Ã­ pÅ™edevÅ¡Ã­m ÄÃ¡steÄnÄ› zastÅ™eÅ¡enÃ¡ letnÃ­ zahrÃ¡dka. InteriÃ©r modernÃ­, pÄ›knÃ½, svÄ›tlÃ½, ale napÅ™. velkÃ¡ televiznÃ­ obrazovka na stÄ›nÄ› jak v nÄ›jakÃ©m sportbaru niÅ¾Å¡Ã­ cenovÃ© kategorie silnÄ› srÃ¡Å¾Ã­ celkovÃ½ dojem a pÅ¯sobÃ­ ruÅ¡ivÄ› a nepatÅ™iÄnÄ›. PersonÃ¡l pozornÃ½ a vstÅ™Ã­cnÃ½, jen ohlednÄ› rezervace na Ãºvod byl ponÄ›kud zmatenÃ½. JÃ­delnÃ­ lÃ­stky vlepenÃ© do normÃ¡lnÃ­ch knih jsou zajÃ­mavÃ½ nÃ¡pad, jen uÅ¾ je na nich znÃ¡t, kolik rukou je drÅ¾elo a prohlÃ­Å¾elo. JÃ­dlo solidnÃ­ standard. HovÄ›zÃ­ vÃ½var s raviolami, plnÄ›nÃ½mi masem je docela zajÃ­mavÃ¡ inovace klasickÃ© receptury. Å penÃ¡tovÃ½m tagliatelle s kuÅ™ecÃ­m masem by se dala vytknout snad jen lehce â€lepivÃ¡â€œ konzistence, jinak chuÅ¥ovÄ› byly v poÅ™Ã¡dku. Miska tiramisu bylo zÃ¡vÄ›reÄnÃ© pÅ™ekvapenÃ­. Desertu je totiÅ¾ pomÄ›rnÄ› sluÅ¡nÃ¡ porce a je opravdu hodnÄ› sladkÃ½, nicmÃ©nÄ› chutnal znamenitÄ›. Espresso Piazza Doro bylo servÃ­rovÃ¡no s horkou napÄ›nÄ›nou smetanou v konviÄce a se suÅ¡enkou, chybÄ›la jen voda. ÄŒervenÃ© rozlÃ©vanÃ© vÃ­no Fangalo, pÅ¯vodem z Afriky, bylo nevÃ½raznÃ© a podÃ¡vanÃ© pÅ™Ã­liÅ¡ vychlazenÃ©. CelkovÃ½ dojem aÅ¾ na pÃ¡r zmÃ­nÄ›nÃ½ch vÃ½hrad dobrÃ½.",2015-05-18
5,LukÃ¡Å¡ Vrba,MÃ­stnÃ­ prÅ¯vodce Â· 30 recenzÃ­ Â· 93 fotek,"DobrÃ© jÃ­dlo a pÅ™Ã­jemnÃ¡ obsluha. Jen nedÃ¡m pÄ›t hvÄ›zdiÄek protoÅ¾e nÄ›kdy se stÃ¡vÃ¡ Å¾e jim to dÃ©le trvÃ¡ a ceny jsou takÃ© mÃ­rnÄ› vyÅ¡Å¡Ã­.  Jinak POHODA!
PS : ChodÃ­m dennÄ› na obÄ›d na chatu a musÃ­m pÅ™iznat, Å¾e konkrÃ©tnÄ› doba trvÃ¡nÃ­ obslouÅ¾enÃ­, je nynÃ­ v naprostÃ©m poÅ™Ã¡dku. PÅ™Ã­jemnÃ¡ obsluha mÃ¡ takÃ© velkÃ© plus. Jen ty ceny... ale co 5 hvÄ›zdiÄek dÃ¡me!",2018-05-17
1,David Bajer,MÃ­stnÃ­ prÅ¯vodce Â· 5 recenzÃ­ Â· 12 fotek,"Tak kde bych zaÄal, grilovanÃ¡ mozzarella vlastnÄ› nebyla grilovanÃ¡, na grilovanÃ©m hermelÃ­nu bylo tolik oleje, Å¾e bych si na tom osmaÅ¾il jeÅ¡tÄ› i Å™Ã­zky, pivo hnusnÃ©, nealko pomelo grep nechutnÃ¡ jako pomelo grep a navÃ­c servÃ­rky si nevÅ¡Ã­majÃ­ prÃ¡zdnÃ½ch krÃ½glÅ¯. DÄ›kuji pÅ™Ã­Å¡tÄ› mÄ› tu neuvidÃ­te.",2023-05-16
1,Petr Tihelka,1 recenze,"DneÅ¡nÃ­ obÄ›d jednoduÅ¡e katastrofa, po objednÃ¡nÃ­ menÃ­Äka vÄetnÄ› polÃ©vky a limonÃ¡dy nÃ¡sledovalo 40 minut ÄekÃ¡nÃ­ a ve vÃ½sledku jsem dostal ÃºplnÄ› nÄ›co jinÃ©ho neÅ¾ jsem si objednal, ani nemluvÃ­m o polÃ©vce a limonÃ¡dÄ› kterÃ© jsem nedostal vÅ¯bec. ChÃ¡pu Å¾e chyby se stÃ¡vajÃ­, ale kdyÅ¾ mÃ¡te v restauraci a na zahrÃ¡dce odhadem 80 lidÃ­ a servÃ­rka si ani nezapÃ­Å¡e objednÃ¡vku tak je k takovÃ½m zbyteÄnÃ½m omylÅ¯m velmi blÃ­zko. Toto byla moje nÄ›kolikÃ¡tÃ¡ ale poslednÃ­ nÃ¡vÅ¡tÄ›va.",2021-05-16
2,Aguilera horakova,19 recenzÃ­,PomalejÅ¡Ã­ obsluha. MladÃ¡ sleÄna s dlouhÃ½mi ÄernÃ½mi vlasy moc pÅ™Ã­jemnÃ¡. StarÃ¡ panÃ­ Å¡pinavej blond za barem mi ani nepodÄ›kovala za 20% tringelt a ani neÅ™ekla nashledanou. CoÅ¾ hodnotÃ­m velmi Å¡patnÄ›. JÃ­dlo sluÅ¡nÃ©.,2020-05-16
1,Jachym Zeman,7 recenzÃ­,"VykoÅ™enÄ›nÃ½ podnik za 120 vÃ­ny stÅ™ik by nemÄ›l bÃ½t. Obsluha kyselÃ¡ jak osina v ....
Hledali jsme autenticitu podniku, ale zÃ¡chody jsou hezkÃ½.",2023-05-16
5,Emil Ricky RÃ©zi,10 recenzÃ­ Â· 6 fotek,"PÅ™Ã­jemnÃ¡ obsluha, chutnÃ© jÃ­dlo, pÅ™Ã­jemnÃ½ a udrÅ¾ovanÃ½ prostor. ğŸ”",2024-07-19
1,Natalia Holuboca,1 recenze Â· 1 fotka,polÃ©vka byla bez soli vepÅ™ovÃ¡ peÄenÄ› byla tuha,2025-05-15
4,petr vevera,MÃ­stnÃ­ prÅ¯vodce Â· 23 recenzÃ­,"ObÄas (cca jednou tÃ½dnÄ›) sem chodÃ­m na menÃ­Äka a s jÃ­dlem i pivem jsem spokojen, obsluha nebÃ½vÃ¡ zrovna nejpÅ™Ã¡telÅ¡tÄ›jÅ¡Ã­, ale zas tak zlÃ© to taky nenÃ­.",2023-05-16
2,Filip AdÃ¡mek,1 recenze,"JÃ­dlo prÅ¯mÄ›rnÃ©. Obsluha mizernÃ¡, polÃ©vku jsem dostal hned, ale potÃ© jsem se musel pÅ™ipomÃ­nat o druhÃ© jÃ­dlo a nebyl mi nabÃ­dnut nÃ¡poj. Na placenÃ­ jsem musel Äekat 10â€™ na baru a jeÅ¡tÄ› jsem se musel pÅ™ipomÃ­nat. 2 hvÄ›zdy za jÃ­dlo a polÃ©vku.",2023-05-16
5,Toan Ngo,2 recenze,"Velice milÃ¡ a pÅ™Ã­jemnÃ¡ obsluha. Se vÅ¡Ã­m je ochotnÃ¡ pomoct, poradit, doporuÄit. Celkem dobrÃ½ vtipy ma v zÃ¡loze. JeÅ¡tÄ› sem je nevidÄ›l aby se mraÄili. JÃ­dlo v topu moc dobrÃ½ tak akorÃ¡t dochucenÃ©. Alkoholu maji taky dost takÅ¾e si myslÃ­m Å¾e kaÅ¾dÃ½ si dokÃ¡Å¾e vybrat. Za mÄ› super pÅ™Ã­jemnÃ¡ restauraceğŸ‘ŒğŸ¾ â€¦",2019-05-17
5,Radim VojtÃ­Å¡ek,13 recenzÃ­ Â· 4 fotky,"NedÄ›lnÃ­ obÄ›d, gulalÃ¡Å¡ovÃ¡ polÃ©vka a jÃ¡tra na roÅ¡tu, byl naprosto v pohodÄ›, neÅ¾ sme Å¡li, Äetl sem negativnÃ­ recenze,  ale nic z toho, co v nich bylo jsem nezaznamenal.",2023-05-16
1,Leon MÃ¡dr,9 recenzÃ­ Â· 2 fotky,"Å patnÃ¡ obsluha, kdyÅ¾ pÅ™ijdete s vÄ›tÅ¡Ã­ skupinou snaÅ¾Ã­ se Vas oÅ¡idit. JÃ­dlo podprÅ¯mÄ›rnÃ© za tu cenu. Je to Å¡koda, pÅ™ed 2 roky to byla vÃ½bornÃ¡ restaurace.",2020-05-16
3,Honza KalÃ¡b,MÃ­stnÃ­ prÅ¯vodce Â· 21 recenzÃ­ Â· 6 fotek,"PolÃ©vka (vÃ½var) tragÃ©die - nedochucenÃ© a studenÃ©. StaÄilo trochu dochutit a pÅ™ihÅ™Ã¡t a nemÄ›la by chybu!!
DruhÃ½ chod vÃ½raznÄ› lepÅ¡Ã­, jen studenÄ›jÅ¡Ã­.
Jedna servÃ­rka milÃ¡, vtipnÃ¡... druhÃ¡ protivnÃ¡ a po hlase arogantnÃ­.
VenkovnÃ­ posezenÃ­ velmi pÄ›knÃ©.

CelkovÃ½ dojem - prÅ¯mÄ›r.",2019-05-17
1,Josef PodmolÃ­k,MÃ­stnÃ­ prÅ¯vodce Â· 29 recenzÃ­ Â· 1 fotka,"JiÅ¾ tÅ™ikrÃ¡t nÃ¡s se spoluÅ¾Ã¡ky natÃ¡hli. Pravidlelne ÃºÄtujÃ­ o nÄ›kolik piv vÃ­c (18piv - tÅ™i piva navÃ­c, 8 piv - dvÄ› navÃ­c, dnes 12 piv a tÅ™i navÃ­c). Chyba se stÃ¡t mÅ¯Å¾e, ale Å¡idit stÃ¡lÃ© zakazniky je nejmÃ©nÄ› drzÃ©.",2020-05-16
5,Radim Minar,MÃ­stnÃ­ prÅ¯vodce Â· 23 recenzÃ­ Â· 6 fotek,"Jako ÄÃ­Å¡nÃ­k pracujÃ­cÃ­ v zahraniÄÃ­ musÃ­m pozitivnÄ› ohodnotit tuhle restauraci.

JÃ­dlo prÅ¯mÄ›r, nicmene velice vÅ¡Ã­mÃ¡vÃ¡ obsluha a kvalitnÃ­ servis bÄ›hem mÄ›niÄek.",2023-05-16
4,VojtÄ›ch Kyzlink,MÃ­stnÃ­ prÅ¯vodce Â· 181 recenzÃ­ Â· 214 fotek,"Celkem v pohodÄ›: o)

Kotlety  trochu tuhÃ¡,  ale dalo se krÃ¡jet i kousat.  Hranolky pÅ™Ã­jemnÄ› tenkÃ©.
Listopad 2023: zcela jistÄ› lepÅ¡Ã­ jÃ­dlo,  neÅ¾ bylo dÅ™Ã­ve.  MoÅ¾nÃ¡ se zmÄ›nilo nÄ›co v kuchyni...?ğŸ˜‰",2025-05-15
1,Michal Rygl,7 recenzÃ­ Â· 3 fotky,"Na prvnÃ­ pohled hezkÃ¡ a pÅ™Ã­jemnÃ¡ restaurace, ale skuteÄnost je naprosto opaÄnÃ¡. Ihned jak si sednete, pÅ™ibÄ›hla nepÅ™Ã­jemnÃ¡ uÅ™Ã­cenÃ¡ servÃ­rka a hodÃ­ po vÃ¡s polÃ­vku a dezert. Pak aÅ¾ pak se zeptÃ¡ co si dÃ¡te. PÅ™i pÅ™inesenÃ­ jÃ­dla se sami musÃ­te zeptat, zda vÃ¡m mÅ¯Å¾ou nabÃ­dnou nÄ›co k pitÃ­. JÃ­dlo bylo jako ze Å¡kolnÃ­ jÃ­delny, ba ne horÅ¡Ã­. NedovaÅ™enÃ© brambory, tuhÃ© maso a pÅ™esolenÃ¡ polÃ©vka. AvÅ¡ak ceny tomu odpovÃ­dajÃ­.
Tuto restauraci jednoduÅ¡e nedoporuÄuji.",2016-05-17
5,FrantiÅ¡ek NeÄas,MÃ­stnÃ­ prÅ¯vodce Â· 8 recenzÃ­ Â· 4 fotky,"Obsluha pÅ™Ã­jemnÃ¡, komunikativnÃ­ a rychlÃ¡, jÃ­dlo (polednÃ­ menu) velmi dobrÃ© a zÅ™ejmÄ› z kvalitnÃ­ch surovin, vÃ½teÄnÃ¡ domÃ¡cÃ­ malinovÃ¡ limonÃ¡da. Snad jen nad tÄ›mi stoly, kterÃ© jsou na pÅ™Ã­mÃ©m slunci, by se hodily sluneÄnÃ­ky (dalÅ¡Ã­ jsou ovÅ¡em kryty vkusnou pergolou). CelkovÄ› pÅ™Ã­jemnÃ© a klidnÃ© prostÅ™edÃ­.",2018-05-17
4,ZbynÄ›k Friml,MÃ­stnÃ­ prÅ¯vodce Â· 75 recenzÃ­ Â· 71 fotek,"Chodime sem obcas na menicko. Obsluha mila, casto vtipna :)
Rychle pripravene jidlo a dobre. K menicku je nabÃ­zena domaci limca za 15Kc.
Pekna prostorna zahradka, da se zde schovat i pejsek tak, aby nikomu nezavazel. Dokonce je zde i mensi hriste pro deti.
Resume: dobre rad prijdu zase :)

Edit: 04/2019 tak obsluha dost zÃ¡leÅ¾Ã­ na koho narazÃ­te. MladÅ¡Ã­ ÄÃ¡st obsluhy je pÅ™Ã­jemnÃ¡, ale straÅ¡Ã­ ÄÃ¡st tÃ½mu uÅ¾ asi ""vyhoÅ™ela"" :(",2019-05-17
2,Radek Soukup,4 recenze,"ProstÅ™edÃ­ celkem pÅ™Ã­jemnÃ©, obsluha pokulhÃ¡vala a pivo bohuÅ¾el Å¡patnÃ©- neskuteÄnÄ› dlouho ho ÄepujÃ­ coÅ¾ mÃ¡ za nÃ¡sledek, Å¾e na stÅ¯l pÅ™Ã­jde pivo mizernÃ© kvality a jeÅ¡tÄ› k tomu teplÃ© (mÄ›l jsem PernÅ¡tejn 13 kvasnicovÃ½ a Å™ezanÃ½ Gambrinus)",2014-05-18
5,Zina KoubovÃ¡,38 recenzÃ­,"Velmi dobÅ™e vaÅ™Ã­,  mÄ›li jsme vÃ½bornÃ½ obÄ›d za dobrou cenu.",2025-05-15
3,Jan Bares,MÃ­stnÃ­ prÅ¯vodce Â· 20 recenzÃ­ Â· 12 fotek,"HodnotÃ­m vÃ½bÄ›r piva, DaÄice jsou exkluzivnÃ­ pivo v porovnÃ¡nÃ­ se Starobahnem. KuchynÄ› kromÄ› burger nic moc, nedochucene a bez nÃ¡padu. SpeciÃ¡lnÃ­ mexickÃ© jÃ­delnÃ­ menu mÃ¡ tak daleko k Mexiku jako ÄeskÃ© pivo, celkovÄ› nenÃ­ jasnÃ© co chce Restaurace Na chatÄ› razit jako styl, je to kombinace vÅ¡ehochute. AbsolutnÄ› nepochopitelnÃ¡ je velkoformÃ¡tovÃ¡ TV, na kterÃ© majitel odmÃ­tÃ¡ pustit zvuk i v dobÄ› mistrovstvÃ­ svÄ›ta ve fotbale. CelkovÄ› mix mezi hospodou a restauracÃ­.",2019-05-17
4,VojtÄ›ch VilÃ©m VrtÃ­lek (Vojta),MÃ­stnÃ­ prÅ¯vodce Â· 11 recenzÃ­ Â· 12 fotek,"Celkem v pohodÄ› hospoda, kaÅ¾dÃ©ho potÄ›Å¡Ã­ lÃ­zÃ¡tko k limonÃ¡dÄ›. Na jÃ­dlo jsem ani zas tak dlouho neÄekal. Jen stÅ¯l byl trochu ulepenÃ½ a je trochu zvlÃ¡Å¡tnÃ­ kdyÅ¾ vstup na hÅ™iÅ¡tÄ› je na opaÄnÃ© stranÄ› neÅ¾ vchod do restaurace.",2021-05-16
5,Filip Neumann,1 recenze,"Jidlo vynikajici, obsluha i prostor prijemny. Potesila me buchta v cene poledniho meny.",2024-09-17
5,Jan ÄŒervenka,MÃ­stnÃ­ prÅ¯vodce Â· 97 recenzÃ­ Â· 572 fotek,"KdyÅ¾ jedem do Brna a chceme se dobÅ™e a chutne najÃ­st, tak tahle restaurace je jedinÃ¡ kterou nesmime urÄitÄ› vynechat. UrÄitÄ› doporuÄuji jak na obedove menu tak na vÃ½bÄ›r z jÃ­delnÃ­ho lÃ­stku. Je tu velkÃ¡ zahrÃ¡dka.",2020-05-16
4,LukaÅ¡ Hachlica,MÃ­stnÃ­ prÅ¯vodce Â· 34 recenzÃ­ Â· 124 fotek,"Super opet jsme se tam radi vratili s detmi ktere hrali turnaj ve florbale, je ale dÅ¯leÅ¾itÃ© kdo vÃ¡s  obsluhuje, po 30min nÃ¡s vÅ¾dy zaÄala obsluhovat panÃ­ Äi sleÄna ktera opravdu vÄ›dÄ›la ktera bije a zaÄalo to fungovat na 100% za to dÃ­ky a opÄ›t rÃ¡di pÅ™ijedeme a navÅ¡tÃ­vÃ­me tento podnik.",2022-05-16
3,VojtÄ›ch Å ibor,MÃ­stnÃ­ prÅ¯vodce Â· 46 recenzÃ­,"KvÅ¯li svÃ© poloze oblÃ­benÃ© mÃ­sto pro studenty Mendelu. Byl jsem tu mockrÃ¡t a ve vÄ›tÅ¡inÄ› pÅ™Ã­padÅ¯ mÄ›l ÄlovÄ›k pocit, Å¾e vlastnÄ› obsluhu svou pÅ™Ã­tomnostÃ­ obtÄ›Å¾uje. JÃ­dlo prÅ¯mÄ›rnÃ©.",2022-05-16
2,Libor ValÃ­Äek,MÃ­stnÃ­ prÅ¯vodce Â· 95 recenzÃ­ Â· 16 fotek,"Cestou k vile Tugendhat jsme byli dost hladovÃ­, tak jsme zaÅ¡li do nejbliÅ¾Å¡Ã­ restaurace. Panenka se Å¡penÃ¡tem vÃ½bornÃ¡. TÄ›stoviny carbonara pÅ™Ã­Å¡ernÃ©. Od objednÃ¡nÃ­ po doruÄenÃ­ tÃ©mÄ›Å™ hodina a obsluha nic moc. PÅ™ipadalo mi, Å¾e svou objednÃ¡vkou sleÄnu / panÃ­ obtÄ›Å¾ujeme. PÅ™Ã­Å¡tÄ› pÅ¯jdeme jinam.",2018-05-17
1,marek senkyr,1 recenze,"NeskuteÄnÄ› dlouho jsme Äekali na veÄeÅ™i, obsluha nepÅ™Ã­jemnÃ¡, nikdo nÃ¡m nic neÅ™ekl.. pÅ™Ã­Å¡tÄ› jinam!!",2023-05-16
4,marwin116,3 recenze,"Tak mÅ¯Å¾u Å™Ã­ct, Å¾e tak velkÃ½ burger, jsem dlouho nemÄ›l. ChuÅ¥ovÄ› 3/5 - nenÃ­ Å¡patnÃ½, ale mÄ›l jsem lepÅ¡Ã­. No pomÄ›r cena a mnoÅ¾stvÃ­ wow.",2023-05-16
3,BoÅ™ek PalÃ¡sek,MÃ­stnÃ­ prÅ¯vodce Â· 90 recenzÃ­ Â· 124 fotek,"Co napsat k tÃ©to restauraci. MajÃ­ vÃ½hodu v tom, Å¾e nemajÃ­ v blÃ­zkÃ©m okolÃ­ Å¾Ã¡dnou velkou konkurenci. JÃ­dlo mi zde chutnÃ¡, porce jsou dostateÄnÃ©, ale to je subjektivnÃ­. Jen ta obsluha. Z nÃ­ ÃºplnÄ› sÃ¡lÃ¡, Å¾e je prÃ¡ce nebavÃ­ a nesnÃ¡Å¡Ã­ lidi. I kdyÅ¾ to tak je, snad dokÃ¡Å¾u nasadÃ­ poker face a dÄ›lat, Å¾e to tak nenÃ­. CelkovÄ› mÃ¡m z tohoto mÃ­sta rozporuplnÃ© pocity. Nebyl jsem zde naposledy, pokud bude nÄ›co novÃ©ho, tak jeÅ¡tÄ› recenzi doplnÃ­m. ğŸ¤”",2020-05-16
4,Jana ZÃ­kovÃ¡,MÃ­stnÃ­ prÅ¯vodce Â· 36 recenzÃ­ Â· 169 fotek,"Moc dobrÃ© jÃ­dlo, obsluha stÅ™Ã­davÄ› vstÅ™Ã­cnÃ¡ a milÃ¡, stÅ™Ã­davÄ› velmi nepÅ™Ã­jemnÃ¡, zÃ¡leÅ¾Ã­, na koho narazÃ­te, proto jedna hvÄ›zda dolÅ¯. ChodÃ­me sem hlavnÄ› z dÅ¯vodu super dÄ›tskÃ©ho hÅ™iÅ¡tÄ› u restaurace. ZaslouÅ¾ilo by teda trochu pÃ©Äe, ale i tak jsme moc spokojenÃ­.",2019-05-17
4,Hanka K.,MÃ­stnÃ­ prÅ¯vodce Â· 106 recenzÃ­ Â· 22 fotek,"JÃ­dlo dobrÃ©, prostÅ™edÃ­ pÄ›knÃ© a personÃ¡l super. SleÄna servÃ­rka popohnala kuchyÅˆ, abysme jÃ­dlo mÄ›li vÄas a stihli tak prohlÃ­dku, na kterou jsme mÄ›li koupenÃ© vstupenky. DÄ›kujeme :-)",2022-05-16
3,JiÅ™Ã­ VyslouÅ¾il,MÃ­stnÃ­ prÅ¯vodce Â· 32 recenzÃ­,"VelkÃ¡ zahrÃ¡dka je plus, ale jinak mi pÅ™ipadÃ¡, Å¾e internetovÃ© strÃ¡nky jsou daleko na lepÅ¡Ã­ Ãºrovni neÅ¾ restaurace samotnÃ¡. JÃ­dlo je velmi prÅ¯mÄ›rnÃ© a mrzÃ­ mÄ›, Å¾e se zde kouÅ™Ã­. RozhodnÄ› se nejednÃ¡ o hospodu, kam bych se rÃ¡d vracel.",2016-05-17
2,Radu Szelongova,14 recenzÃ­ Â· 2 fotky,"VÃ½bornÃ¡ Å¾ebra a tatarÃ¡k, ostatnÃ­ jÃ­dlo je pÅ™edraÅ¾enÃ© a ne moc dobrÃ©. Obsluha vypadÃ¡, Å¾e tam je za trest a hostÃ© Å¾e spÃ­Å¡ obtÄ›Å¾ujÃ­.",2022-05-16
3,Evzen,13 recenzÃ­ Â· 1 fotka,"BorÅ¡Ä - vÃ½bornÃ½
NaklÃ¡danÃ½ hermelÃ­n - hrÅ¯za za 80 KÄ, nebyl naloÅ¾enÃ½ ani 5 minut, navÃ­c ho pÅ™inesli bez peÄiva, prÃ½ jsme si ho neobjednali
Pivo - PoutnÃ­k - vÃ½bornÃ©

Obsluha mi pÅ™ijde hodnÄ› laxnÃ­.",2014-05-18
5,Rene Sturak,15 recenzÃ­,NavÅ¡tÃ­vili jsme o vÃ­kendu. DobrÃ© pÅ¡eniÄnÃ© pivko (KruÅ¡ovice) a vÃ½hodnÃ© 3-chodovÃ© obÄ›dovÃ© menu pro 2 osoby. S jÃ­dlem spokojenost stejnÄ› jako s obsluhou. UrÄitÄ› znovu navÅ¡tÃ­vÃ­me.,2020-05-16
2,Martin MalÃ½,MÃ­stnÃ­ prÅ¯vodce Â· 170 recenzÃ­ Â· 419 fotek,"Obsluha je zoufalÃ¡... PÅ™ijde ke stolu se slovy, tak co si dÃ¡te a s vÃ½razem mistra svÄ›ta... Bez pozdravu, bez jÃ­delnÃ­ch lÃ­stkÅ¯... TakÅ¾e zaÄne hra: zeptejte se mÄ› co mÃ¡me a jÃ¡ vÃ¡m stejnÄ› Å™eknu, Å¾e nemÃ¡me a jeÅ¡tÄ› se u toho budu hloupÄ› usmÃ­vat... Arogance nejvyÅ¡Å¡Ã­ho levelu.. I bychom nÄ›co snÄ›dli, ale takto jedno pitÃ­ a pryÄ.. BohuÅ¾el.. PÅ™itom restaurace se zahrÃ¡dkou jsou velice pÄ›knÃ©. Byli jsme vÄera odpoledne a uÅ¾ asi nikdy vÃ­ce.",2020-05-16
5,Libor SloupenskÃ½,MÃ­stnÃ­ prÅ¯vodce Â· 74 recenzÃ­ Â· 23 fotek,"NaÅ¡e oblÃ­benÃ¡ restaurace mÄ›la dovolenou, takÅ¾e jsme se sem zatoulali nÃ¡hodou. ale vÅ¯bec jsme nelitovali.
SkvÄ›le jsme si pochutnali, dÄ›ti tu majÃ­ super vÃ½bÄ›h, obsluha byla pÅ™Ã­jemnÃ¡. Ceny v pohodÄ›. NemÃ¡m co vytknout.
PÅ™Ã­Å¡tÄ› jdeme rovnou sem :-)",2019-05-17
3,Bc. Stanislav J. Fidrmuc,MÃ­stnÃ­ prÅ¯vodce Â· 64 recenzÃ­ Â· 15 fotek,"JÃ­dlo je vÃ½bornÃ©, obsluha nÃ¡s ale neupozornila, Å¾e budeme dlouho Äekat - pÅ™iÅ¡la nÃ¡s vÄ›tÅ¡Ã­ skupina 10 lidÃ­ a Äekat cca 45 minut na jÃ­dlo, kdyÅ¾ spÄ›chÃ¡te je dost dlouho",2019-05-17
5,MariÄka â€Maryâ€œ,MÃ­stnÃ­ prÅ¯vodce Â· 286 recenzÃ­ Â· 233 fotek,"VÃ½bornÃ¡ restaurace, jen tak na menÃ­Äko rozhodnÄ› doporuÄuji!",2018-05-17
4,Jan KolaÄnÃ½,MÃ­stnÃ­ prÅ¯vodce Â· 115 recenzÃ­ Â· 162 fotek,"DobrÃ© jÃ­dlo, pivo a milÃ¡ obsluha.Jenom to chce lepÅ¡Ã­ odvÄ›trÃ¡nÃ­, obleÄenÃ­ je pak cÃ­tit jako z friÅ¥Ã¡kuğŸ˜",2025-05-15
5,Peter FormÃ¡nek,MÃ­stnÃ­ prÅ¯vodce Â· 58 recenzÃ­ Â· 197 fotek,"Jedna z mÃ¡la restauracÃ­ kde skvÄ›le vaÅ™Ã­. RÃ¡d se tam vracÃ­m a plnÄ› doporuÄuji. KlidnÃ¡ ÄÃ¡st Brna, hezkÃ© prostÅ™edÃ­ a rozsÃ¡hlÃ¡ zahrÃ¡dka. VÃ­c takovÃ½ch podnikÅ¯ !!!",2018-05-17
1,Irena BrelovÃ¡,MÃ­stnÃ­ prÅ¯vodce Â· 269 recenzÃ­ Â· 2 006 fotek,"Sobota 10.11.2018 . Nebyli jsme obslouÅ¾enÃ­  Duvod: Servurkou nÃ¡m bylo eÄeno Å¾e v restauraci je uzavÅ™ena spoleÄnost a Å¾e je toto napsÃ¡no i pÅ™ed vchodem Nikde Å¾Ã¡dnÃ¡ podobnÃ¡ informace se nenachÃ¡zela.Za nÃ¡mi odchÃ¡zeli dalÅ¡Ã­ moÅ¾ni zÃ¡kaznÃ­ci restaurace pryÄ.  Pan majitel je zÅ™ejmÃ© na tom hodnÄ› dobÅ™e, kdyÅ¾ nepotÅ™ebuje zÃ¡kaznÃ­ky. JiÅ¾ nikdy nebudeme zkouÅ¡et nÃ¡vÅ¡tÄ›vu v tomto podniku.",2019-05-17
1,Jakub ZÃ¡moravec,MÃ­stnÃ­ prÅ¯vodce Â· 24 recenzÃ­ Â· 10 fotek,"Obsluha ÃºplnÄ› hroznÃ¡, starÅ¡Ã­ ÄÃ­Å¡nÃ­k protivny, zcela neprofesionÃ¡lnÃ­. ÄŒekÃ¡nÃ­ na prvnÃ­ obsluhu 10minut, dÃ¡le ÄekÃ¡nÃ­ na jedno pivo s vÃ­nem dalÅ¡Ã­ch 10minut. VÃ½sledek bylo teple vino a podmirak... Nikdy vÃ­ce",2018-05-17
1,martin martenz,2 recenze,Obsluha jakou mÅ¯Å¾eÅ¡ oÄekÃ¡vat tak na veÅ™ejnÃ½ch wc na hlavnÃ­m nÃ¡draÅ¾Ã­... napsal bych to jak to cÃ­tÃ­m ale to by bylo jen spousta sprostÃ½ch slov .... pokud dÄ›lÃ¡Å¡ nÄ›co co tÄ› nebavÃ­ tak se na to rovnou vys...,2023-05-16
5,TomÃ¡Å¡,MÃ­stnÃ­ prÅ¯vodce Â· 433 recenzÃ­ Â· 596 fotek,"LuxusnÃ­ burgry, sice za malilinko vyÅ¡Å¡Ã­ cenu, ale bylo to znÃ¡t na kvantitÄ› i kvalitÄ› pokrmu. Super Å¡Å¥avnatÃ© maso a burger doslova naÅ¡lapanÃ½ chutÃ­ aÅ¥ uÅ¾ si vyberete jakÃ½koliv. Tvar plochÃ© housky mÄ› pÅ™ekvapil, ale nakonec jsem za nÄ›j byl rÃ¡d, mnohem lÃ©pe se mi kousal. Kvalitu dennÃ­ho menu nemohu hodnotit, neokusil jsem.",2016-05-17
5,Jana HeneÅ¡ovÃ¡,MÃ­stnÃ­ prÅ¯vodce Â· 32 recenzÃ­ Â· 119 fotek,DobrÃ© jÃ­dlo i pÅ™Ã­jemnÃ© posezeni jak uvnitÅ™ tak i na zahrÃ¡dce kde je souÄÃ¡stÃ­ dÄ›tskÃ© hÅ™iÅ¡tÄ› se skluzavkou a houpaÄky.,2019-05-17
2,Petr KovÃ¡Å™,MÃ­stnÃ­ prÅ¯vodce Â· 105 recenzÃ­ Â· 367 fotek,"NenÃ­ o co stÃ¡t jÃ­dlo sice uÅ¡lo ale Å¾e bych Å™ekl zajdu znova tak snad jenebude v poslednÃ­ variantÄ›. Obsluha pomalÃ¡ ÄeÅ¡tina ji taky moc nejde , anglicky vÅ¯bec.  Dal sem si stesk kolega tÄ›stoviny......u styku bych Äekal dotaz jak ho chci propÃ©ct ...nic tÄ›stoviny znaÄky ARO ...nedochucenÃ©",2017-05-17
5,JiÅ™Ã­ StudÃ½nka,2 recenze,Super gulaÅ¡ova polÃ©vka jako od babiÄky a vÅ™ele doporuÄuji burger a ktomu dobrÃ© DaÄice. PÅ™Ã­jemnÃ© prostÅ™edÃ­ kde si vaÅ¡e dÄ›ti nejom najÃ­ ale i pohraji,2018-05-17
3,Ales Snasel,MÃ­stnÃ­ prÅ¯vodce Â· 80 recenzÃ­ Â· 140 fotek,"DobrÃ¡ lokalita, mÃ­sta na parkovÃ¡nÃ­, velkÃ¡ restaurace, pÄ›knÃ© prostÅ™edÃ­. StandardnÃ­ nabÃ­dka jÃ­del prÅ¯mÄ›rnÃ© kvality a vyÅ¡Å¡Ã­ ceny. PersonÃ¡l by mohl bÃ½t milejÅ¡Ã­. Pro dÄ›ti nenÃ­ dÄ›tskÃ½ koutek.",2019-05-17
2,Å tefan Ondek,MÃ­stnÃ­ prÅ¯vodce Â· 25 recenzÃ­,"InteriÃ©r ujde, ale do nekuÅ™Ã¡ckÃ© ÄÃ¡sti se vchÃ¡zÃ­ pÅ™es kuÅ™Ã¡ckou a cÃ­tit to. Obsluha jak kdy, povÄ›tÅ¡inÄ› pomalÃ¡ a nevlÃ­dnÃ¡. JÃ­dlo nic moc a dlouhÃ© ÄekÃ¡nÃ­. JiÅ¾ chodÃ­me jinde.",2015-05-18
1,OndÅ™ej JurÄeka,7 recenzÃ­ Â· 1 fotka,"KatastrofÃ¡lnÃ­ obsluha, ÄekacÃ­ doba na Menu cca 1h! Dostali jsme polÃ©vku - chutnala jak voda se solÃ­... Pivo pÅ™Ã­Å¡ernÃ© a jeÅ¡tÄ› k tomu teplÃ©. Naposledy - NedoporuÄuji!",2020-05-16
4,Jan Kukucka,MÃ­stnÃ­ prÅ¯vodce Â· 196 recenzÃ­ Â· 2 033 fotek,"Jidlo prakticky nikdy nemelo zasadni zavadu. Menicka na opravdu vysoke urovni (nezkousel jem testoviny a rizota, ktere pry nejsou silnou strankou podniku). Problem je v castem dlouhem cekani a i v tom, ze na Vas ve spicce sem tam zapomenou (stalo se 2x).",2020-05-16
2,Mates Knofl (Tiyon),3 recenze Â· 1 fotka,"Jidlo i pivo super,2 hvezdy je kvuli vasi obsluze,at uz dojdu na 1,nebo 2. smenu,pokazde se personal tvari jako by me chtel zabit,nerikam nic vuci jejich schopnostem,slecny(mozna pani) jsou velice sikovne.... jen na komunikaci s hosty je potreba zapracovat,pokazde kdyz sem dorazim mam chut, pri pohledu na otravene servirky,otocit se a jit domu....",2023-05-16
2,David PijÃ¡k,MÃ­stnÃ­ prÅ¯vodce Â· 42 recenzÃ­,"Nedobre jÃ­dlo, obsluha takÃ© spÃ­Å¡ nepÅ™Ã­jemnÃ¡.",2025-05-15
5,KateÅ™ina VÃ­tkovÃ¡,MÃ­stnÃ­ prÅ¯vodce Â· 13 recenzÃ­,"NejlepÅ¡Ã­, chybÃ­ mi ale ta vynikajÃ­cÃ­ zelÅˆaÄka, budu se za ni pÅ™imlouvat, protoÅ¾e jÃ­dlo a vÅ¯bec obsluha nejvÃ­c moc parÃ¡da.",2018-05-17
1,Josef Blahut,MÃ­stnÃ­ prÅ¯vodce Â· 15 recenzÃ­ Â· 14 fotek,"JÃ­dlo (vrabec s knedlÃ­kem) Å¡patnÃ© (mikrovrabec,suchÃ½ knedlÃ­k,bÃ­dnÃ© zelÃ­), nealko pivo teplÃ©. Chapu nÃ¡por hostÅ¯ pÅ™es poledne, s nastÅ™elenou servÃ­rkou se to ale tÄ›Å¾ko zvlÃ¡dÃ¡...",2019-05-17
5,hana pokorna,1 recenze,"16.6.jsme mÄ›li v restauraci rodinnÃ½ obÄ›d. MusÃ­m jen chvÃ¡lit, krÃ¡snÄ› prostÅ™enÃ¡ tabule, obsluha skvÄ›lÃ¡ . JÃ­dlo lÃ¡kavÄ› naservÃ­rovanÃ©, ale i vynikajÃ­cÃ­ chuÅ¥. DÄ›kujeme .",2019-05-17
5,Martin ZÃ¡ruba,2 recenze,"KdyÅ¾ jsem v BrnÄ›, nehledÃ¡m kam jÃ­t na kafe, nebo se dobÅ™e najÃ­st.....sÃ¡m, nebo s pÅ™Ã¡teli. Tady je to na jistotu. BezvadnÃ© jÃ­dlo a lidskÃ½ a profesionÃ¡lnÃ­ personÃ¡l.",2018-05-17
5,Lenka MaÅ¡ijovÃ¡,2 recenze,"MÄ›li jsme zde vÃ¡noÄnÃ­ veÄÃ­rek, obsluha super, jÃ­dlo vÃ½bornÃ©!",2025-05-15
2,BobesO7,38 recenzÃ­ Â· 18 fotek,"InteriÃ©r rozmanitÃ½ch stylÅ¯, roztrÅ¾itÃ¡ obsluha, jÃ­dlo dobrÃ©. PÅ™ivÄ«tat nÃ¡vÅ¡tÄ›vnÃ­ka, kterÃ½ se u pultu zjevnÄ› chce na nÄ›co zeptat, vÄ›tou muÅ¾ete mi uhnout...mÃ¡lem jsem okamÅ¾ite odeÅ¡el...",2019-05-17
1,Karel Pospisil,MÃ­stnÃ­ prÅ¯vodce Â· 22 recenzÃ­,"V tÃ©to restauraci jsme byli na polednÃ­m menu. PolÃ©vka byla nevyhovujÃ­cÃ­, sice spousta ingrediencÃ­, avÅ¡ak jakoby slili vÅ¡e, co za tÃ½den mÄ›li. VÃ½sledkem byla smÄ›s s protichÅ¯dnÃ½mi chutÄ›mi. HlavnÃ­ jÃ­dlo, roÅ¡tÄ›nÃ¡, byla nedobrÃ© chuti stejnÄ› tak omÃ¡Äka. Hranolky pÅ™ijatelnÃ©. Obsluha neochotnÃ¡. UÅ¾ sem nepÅ¯jdeme.",2021-05-16
5,paul obradoviÄ,MÃ­stnÃ­ prÅ¯vodce Â· 49 recenzÃ­ Â· 4 fotky,PÅ™Ã­jemnÃ© prostÅ™edÃ­ a velmi milÃ¡ obsluha. DÄ›kuji mlÃ¡denci za preciznÃ­ nalejvÃ¡nÃ­.,2022-05-16
1,Strejda. Barny,1 recenze,NejhorÅ¡Ã­ obsluha v BrnÄ› co jsem kdy potkal. V restauraci poÅ™Ã¡d pÃ¡chne pÅ™epÃ¡lenÃ½m olejem.,2023-05-16
4,Vaclav Kratochvil,MÃ­stnÃ­ prÅ¯vodce Â· 314 recenzÃ­ Â· 1 499 fotek,"PÅ™Ã­jemnÃ½ personÃ¡l i prostÅ™edÃ­. Dali jsme si fajitas a salÃ¡t s lososem. SalÃ¡t s lososem nemÄ›l chybu, protoÅ¾e znÃ¡m fajitas v originÃ¡le, dal jsem o jednu hvÄ›zdu mÃ©nÄ›, ale jinak ok.",2021-05-16
5,Michal1492 Michal1492,MÃ­stnÃ­ prÅ¯vodce Â· 66 recenzÃ­ Â· 484 fotek,Velmi pÅ™Ã­jemnÃ¡ obsluha a vÃ½bornÃ© jÃ­dlo,2024-09-17
2,David â€Zodiakâ€œ PolleÄ,MÃ­stnÃ­ prÅ¯vodce Â· 32 recenzÃ­ Â· 117 fotek,Obsluha neobsluhuje na zahrÃ¡dce pro dÄ›ti (hned vedle zahrÃ¡dky normalni) jÃ­dlo mÃ­rnÃ½ podprumer (tatarak a cesar salÃ¡t). NenÃ­ moc o co stat.,2021-05-16
4,Eva PreussovÃ¡,MÃ­stnÃ­ prÅ¯vodce Â· 46 recenzÃ­ Â· 38 fotek,"PÄ›knÃ¡ nekuÅ™Ã¡ckÃ¡ restaurace, pÅ™Ã­jemnÃ¡ obsluha a chutnÃ© jÃ­dlo. UrÄitÄ› si sem zase nÄ›kdy zajdu.",2017-05-17
5,Mi. Cag. (TatkoCagy),MÃ­stnÃ­ prÅ¯vodce Â· 17 recenzÃ­ Â· 142 fotek,"VÃ½bornÃ© menu jÃ­dlo i ze stÃ¡lÃ©ho lÃ­stku, i obsluha celkem sviÅ¾nÃ¡.Mohu doporuÄit jednoznaÄnÄ›. A ceny pÅ™ijatelnÃ©.",2019-05-17
5,Martin KoÅ¡Å¥Ã¡l,MÃ­stnÃ­ prÅ¯vodce Â· 49 recenzÃ­ Â· 23 fotek,"NaprostÃ¡ spokojenost. Byli jsme zde na obÄ›d - obsluha rychlÃ¡, jÃ­dlo odpovÃ­dajÃ­cÃ­, ceny pÅ™Ã­znivÃ©.",2022-05-16
2,Judita Skoumi,MÃ­stnÃ­ prÅ¯vodce Â· 99 recenzÃ­ Â· 136 fotek,"JÃ­dlo zcela prÅ¯mÄ›rnÄ›,rozhodne nestojÃ­ za tu cenu,kterÃ¡ je pomÄ›rnÄ› vysokÃ¡..ProstÅ™edÃ­ nic moc- Å¡pinavy  stul,polity jÃ­delnÃ­ i nÃ¡pojovy lÃ­stek.Obsluha hroznÃ¡,znuudena...MÄ›li jsme pocit, ze straÅ¡nÄ› obtezujeme.Zase jedna restaurace, kam uÅ¾ nepÅ¯jdeme.:-(",2019-05-17
5,Filip Debef,MÃ­stnÃ­ prÅ¯vodce Â· 192 recenzÃ­ Â· 921 fotek,VynikajÃ­cÃ­ kuchynÄ› a moc pÅ™Ã­jemnÃ¡ obsluha. I ve 22.00 hodin kuchynÄ› v plnÃ©m provozu a milÃ¡ servÃ­rka.,2019-05-17
4,Jakub Duda,15 recenzÃ­,"PÄ›knÃ½ podnik, jÃ­dlo majÃ­ velmi dobrÃ©, ale je to draÅ¾Å¡Ã­ restaurace.",2022-05-16
5,Hana ZelinkovÃ¡,9 recenzÃ­,"NejpÅ™Ã­jemnÄ›jÅ¡Ã­ obsluha v BrnÄ›. UÅ¾ jsme tu nÄ›kolikrÃ¡t mÄ›li oslavu, krÃ¡snÄ› zaÅ™Ã­zenÃ© ğŸ…ğŸ‘ â€¦",2019-05-17
1,Miroslav Jandek,1 recenze,Pivo nic moc nes ho donesou tak vÃ¡m znej ukradnou pÄ›nu je jenom 1 den kdy ho majÃ­ dobrÃ© a to kdys ten den nechajÃ­ viplachnout trubky a hlavnÄ› si nedÃ¡vat nic k jÃ­dlu,2023-05-16
5,Josef VeselÃ½,8 recenzÃ­ Â· 4 fotky,"Naprosto perfektnÃ­ jÃ­dlo i obsluha. NenÃ­, co vytknout. Moc hezkÃ© prostÅ™edÃ­ mimo jinÃ©. DefinitivnÄ› muÅ¾Å¯ doporuÄit!",2017-05-17
1,Petr Ss,10 recenzÃ­,"30.min ÄekÃ¡nÃ­ na objednÃ¡nÃ­ jÃ­dla a nic.
Za mÄ› uÅ¾ nikdy.",2025-05-15
5,JiÅ™Ã­ David,MÃ­stnÃ­ prÅ¯vodce Â· 80 recenzÃ­ Â· 64 fotek,VÃ½bornÃ¡ kuchynÄ› a pÅ™Ã­jemnÃ½ personÃ¡l a navÃ­c muÅ¾ete do restaurace i se psem. ğŸ˜ â€¦,2021-05-16
5,TomÃ¡Å¡ BudÃ­n,MÃ­stnÃ­ prÅ¯vodce Â· 19 recenzÃ­ Â· 8 fotek,"SkvÄ›lÃ© jÃ­dlo, milÃ¡ a ochotnÃ¡ obsluha, vÃ½bornÃ© ceny. MÄ›li jsme zde oslavu a asi nemÃ¡m co vytknout.",2018-05-17
1,Marcela ValentovÃ¡,MÃ­stnÃ­ prÅ¯vodce Â· 471 recenzÃ­ Â· 734 fotek,"Dnes jsem tam mÄ›la obÄ›d. JeÅ¡tÄ› teÄ je mi velmi nekomfortnÄ› od Å¾aludku... KamarÃ¡dka, kterÃ¡ mÄ› doprovÃ¡zela, je na tom obdobnÄ›...",2019-05-17
1,vladimÃ­r juÅ™ica,MÃ­stnÃ­ prÅ¯vodce Â· 114 recenzÃ­ Â· 54 fotek,"JÃ­dlo super, obsluha hroznÃ¡, nepÅ™Ã­jemnÃ¡, drzÃ  a pomalÃ¡.necti heslo nÃ¡Å¡ zÃ¡kaznÃ­k nÃ¡Å¡ pÃ¡n.",2016-05-17
3,Martin HrabÃ¡lek,MÃ­stnÃ­ prÅ¯vodce Â· 86 recenzÃ­ Â· 4 fotky,"JÃ­dlo sluÅ¡nÃ©, ale celou restauraci zabÃ­jÃ­ znudÄ›nÃ¡ a ne moc pÅ™Ã­jemnÃ¡ obsluha...",2019-05-17
4,Patrik KopeckÃ½,MÃ­stnÃ­ prÅ¯vodce Â· 88 recenzÃ­ Â· 158 fotek,"PÅ™Ã­jemnÃ© mÃ­sto na obÄ›d, nebo na posezenÃ­ s kÃ¡moÅ¡i",2023-05-16
1,Miloslav Hlavinka,MÃ­stnÃ­ prÅ¯vodce Â· 15 recenzÃ­,"Obsluha zmatenÃ¡ a pomalÃ¡, jÃ­dlo taky nebylo nic moc a do nekuÅ™Ã¡ckÃ© ÄÃ¡sti se musÃ­ pÅ™es kuÅ™Ã¡ckou ÄÃ¡st.",2017-05-17
4,Ondra K,MÃ­stnÃ­ prÅ¯vodce Â· 132 recenzÃ­ Â· 382 fotek,Fajn prostÅ™edÃ­ a pivo dobrÃ½ ale to jÃ­dlo by mohlo bÃ½t za rozumnÄ›jÅ¡Ã­ cenu.,2020-05-16
2,Michal Barnet,MÃ­stnÃ­ prÅ¯vodce Â· 141 recenzÃ­ Â· 270 fotek,"JÃ­dlo na menu nic moc, obsluha se zÅ™ejmÄ› zaucovala, takÅ¾e to byl celkovÄ› zÃ¡Å¾itek.",2018-05-17
5,Rene Jelinek,MÃ­stnÃ­ prÅ¯vodce Â· 40 recenzÃ­ Â· 5 fotek,Je to tam super i zÃ¡kusek dajÃ­ po jidle je i menÃ­Äko,2025-05-15
5,Berenika ZemanovÃ¡,MÃ­stnÃ­ prÅ¯vodce Â· 87 recenzÃ­ Â· 23 fotek,"ChodÃ­m sem na menÃ­Äka, vyzkouÅ¡ela jsem rÅ¯znÃ© druhy jÃ­del a vÅ¡echny jsou vÃ½bornÃ©. :) Palec hore ğŸ‘ â€¦",2019-05-17
5,Dominik Zezula,3 recenze Â· 2 fotky,"ZvlÃ¡Å¡Å¥ v lÃ©tÄ› je ÃºÅ¾asnÃ¡ zahrÃ¡dka, je to 10 min od centra a stejnÄ› je tu klid jak nÄ›kde na vesnici",2018-05-17
1,Jan Nguyen,MÃ­stnÃ­ prÅ¯vodce Â· 28 recenzÃ­ Â· 33 fotek,ÄŒekali jsme na pivo 10 minut a pak Å¡li pryÄ... HodnÄ› laxnÃ­ (respektive Å¾Ã¡dnÃ¡) obsluha!,2014-05-18
5,Petra RÃ¡Å¾ovÃ¡,MÃ­stnÃ­ prÅ¯vodce Â· 19 recenzÃ­ Â· 5 fotek,"Super restaurace, velmi kvalitnÃ­ jÃ­dlo, pÅ™Ã­jemnÃ½ personÃ¡l.. mÅ¯Å¾u jen doporuÄit",2019-05-17
4,MatÄ›j CimbÃ¡lnÃ­k,MÃ­stnÃ­ prÅ¯vodce Â· 29 recenzÃ­ Â· 11 fotek,"5 hvÄ›zd si to nezaslouÅ¾Ã­, ale cenovÄ› a Å¡iroko daleko nejlepÅ¡Ã­ restaurace.",2020-05-16
4,Daniel Sopko,5 recenzÃ­,"PÄ›knÃ© a ÄistÃ© prostÅ™edÃ­, jÃ­dlo prÅ¯mÄ›r, obsluha trochu otrÃ¡venÃ¡.",2020-05-16
5,Pavel KoyÃ¡k,MÃ­stnÃ­ prÅ¯vodce Â· 364 recenzÃ­ Â· 634 fotek,VÅ¡eğŸ†—ğŸ‘Œ,2024-11-16
2,Hana FabianovÃ¡,MÃ­stnÃ­ prÅ¯vodce Â· 43 recenzÃ­ Â· 31 fotek,ZlatÃ½ prÅ¯mÄ›r. AlespoÅˆ zde majÃ­ ÄistÃ© WC,2023-05-16
3,SoÅˆa SvobodovÃ¡,MÃ­stnÃ­ prÅ¯vodce Â· 196 recenzÃ­ Â· 23 fotek,"ZkysanÃ¡ slepiÄÃ­ polÃ©vka, obsluha standard.",2023-05-16
1,fortyno 856,4 recenze,"Katastrofa. Obsluha pomalÃ¡, burger byl jako karbenatek a slanina spÃ¡lenÃ¡ i s bulkou.. KuchaÅ™ mÃ¡ co dohÃ¡nÄ›t. ;)",2018-05-17
5,Iris Bicykl,MÃ­stnÃ­ prÅ¯vodce Â· 144 recenzÃ­ Â· 203 fotek,ProstÄ› je to tady prÃ­ma.,2025-05-11
4,Petr AdÃ¡mek,MÃ­stnÃ­ prÅ¯vodce Â· 276 recenzÃ­ Â· 185 fotek,JÃ­dlo v pohodÄ›. Ceny taky.,2020-05-16
5,Monika BelkovÃ¡ (Mon),MÃ­stnÃ­ prÅ¯vodce Â· 16 recenzÃ­ Â· 7 fotek,"Restauraci jsme navÅ¡tÃ­vili po prohlÃ­dce Vily Tugendhat, je to odtud na skok. JÃ­dlo naprosto pÅ™ekonalo naÅ¡e oÄekÃ¡vÃ¡nÃ­, vÅ¡e bylo pÄ›knÄ› naservÃ­rovÃ¡no a mimoÅ™Ã¡dnÄ› chutnÃ©. Za 3 hlavnÃ­ jÃ­dla, tatarÃ¡k ze syreÄkÅ¯ a 3 nÃ¡poje jsme zaplatili 40 eur, Äili i cenovÄ› v pohodÄ›. PersonÃ¡l milÃ½, s ÃºsmÄ›vem.",2025-03-16
5,Tomasz Jokiel,MÃ­stnÃ­ prÅ¯vodce Â· 39 recenzÃ­ Â· 94 fotek,"MÅ¯Å¾ete zde jÃ­st typickÃ© ÄeskÃ© jÃ­dlo a pÃ­t dobrÃ© pivo. JÃ­dla byla chutnÃ¡, porce prÅ¯mÄ›rnÃ¡ velikost, obsluha velmi milÃ¡. Mohu doporuÄit.",2021-05-16
2,Boris Pirog,2 recenze,"Podnik jsme navÅ¡tÃ­vili nÄ›kolikrÃ¡t, ale po poslednÃ­ch dvou nÃ¡vÅ¡tÄ›vÃ¡ch jsem musel napsat recenzi.
PoprvÃ© jsem si myslel, Å¾e tmavovlasÃ¡ sleÄna mÄ›la Å¡patnÃ½ den. Ale sleÄna je jen nÄ›kdo kdo by mÄ›l dÄ›lat za pasem, a ne s lidmi.
PÅ™i objednÃ¡vce na vÃ¡s Å¡tÄ›kÃ¡ komentÃ¡Å™e typu â€jÃ¡ ÄekÃ¡mâ€œ; â€pohnÄ›te siâ€œ.
Ke stolu se zastavÃ­ jen kdyÅ¾ bere sklenice a tehdy mÃ¡te 2 sekundovÃ© okno si objednat.
KdyÅ¾ si ale pÅ™ijedete objednat k baru ÄekÃ¡ vÃ¡s pÅ™evracenÃ­ oÄima a arogantnÃ­ pÅ™Ã­stup.
A nakonec, po zaplacenÃ­ nÃ¡s zaÄala sleÄna pomlouvat, v naÅ¡Ã­ pÅ™Ã­tomnosti a vÅ¡echno jsme slyÅ¡eli.
Hanba.
Z druhÃ© strany, pivo majÃ­ dobrÃ©, asi jedinÃ© pozitivum.",2025-05-15
5,Tommaso Stefani,MÃ­stnÃ­ prÅ¯vodce Â· 46 recenzÃ­ Â· 148 fotek,"MilÃ¡ obsluha, skvÄ›lÃ© jÃ­dlo a pivo! VelkÃ½ vÃ½bÄ›r limonÃ¡d, jako je muÄenka, jsou velmi chutnÃ©. ZvlÃ¡Å¡tÄ› doporuÄuji houbovÃ½ burger ğŸ” â€¦",2022-05-16
4,Yiannis Rossopoulos,MÃ­stnÃ­ prÅ¯vodce Â· 406 recenzÃ­ Â· 1 687 fotek,"sluÅ¾ba je dobrÃ¡, tatarak byl v poÅ™Ã¡dku, trochu pÅ™eplnÄ›nÃ½, pivo bylo v poÅ™Ã¡dku, obecnÄ› se mi to lÃ­bilo a navÅ¡tÃ­vÃ­m znovu. DlouhÃ© vlasy blonÄatÃ¡ dÃ¡ma nevrlÃ¡.  TmavovlasÃ¡ sleÄna velmi milÃ¡ a ochotnÃ¡.",2020-05-16
5,Eva Baltzi,MÃ­stnÃ­ prÅ¯vodce Â· 18 recenzÃ­ Â· 45 fotek,NÃ¡Å¡ hangoutğŸ«¶ğŸ½,2024-12-16
2,Jakub Haraga,MÃ­stnÃ­ prÅ¯vodce Â· 10 recenzÃ­,"JÃ­dlo hroznÃ©. PolÃ©vka - uvaÅ™enÃ½ bujon. HlavnÃ­ chod 4stripsy, salÃ¡t, polovina bagety a nÄ›co neidentifikovatelnÃ©ho, Å¾lutÃ© jako hoÅ™Äice. PravdÄ›podobnÄ› pokus o dresink. PÅ™Ã­bor ve Å¡pinavÃ©m pÅ¯llitru. NedoporuÄuji. JedinÃ© plus obÄ›da byl dÅ¾us z lÃ¡hve.",2023-05-16
3,TomÃ¡Å¡ BarbuÅ¡ÄÃ¡k,4 recenze,"JÃ­dlo skvÄ›lÃ© jako poÅ™Ã¡d, ale obsluha naprd jako poÅ™Ã¡d. KonkrÃ©tnÄ› o ÄervenovlasÃ© servÃ­rce.
Å½Ã¡dnÃ½ zÃ¡jem o spokojenost zÃ¡kaznÃ­kÅ¯, objednÃ¡me 7 piv a ona je poloÅ¾Ã­ na druhou stranu obrovskÃ©ho stolu beze slova, totÃ©Å¾ s kaÅ¾dÃ½m jÃ­dlem ani nemÃ¡ zÃ¡jem zjistit kdo si objednal a pÅ™ed koho to patÅ™Ã­.",2022-05-16
5,KÅ‘szegi LÃ¡szlÃ³,MÃ­stnÃ­ prÅ¯vodce Â· 79 recenzÃ­ Â· 15 fotek,"Velmi chutnÃ© pivo, pÅ™Ã­jemnÃ¡ obsluha. Za pÅ™Ã­znivou cenu! doporuÄuji to.",2025-05-15
1,Richard Hanula,MÃ­stnÃ­ prÅ¯vodce Â· 27 recenzÃ­ Â· 12 fotek,"Dne 3.8. jsme se rozhodli s kamarÃ¡dem ze zahraniÄÃ­ navÅ¡tÃ­vit VÃ¡Å¡ podnik. Od 12:56 do 13:11 k nÃ¡m obsluha nedorazila, tak jsme se rozhodli odjet. Na zahrÃ¡dce byl obsazen jeden stÅ¯l, kromÄ› naÅ¡eho uvnitÅ™ asi 3, takÅ¾e to nevypadalo, Å¾e by mÄ›li ÄÃ­Å¡nÃ­ci nÄ›jakÃ© vÃ½raznÃ© fofry. Dokonce kolem nÃ¡s proÅ¡li ÄÃ­Å¡nÃ­ci s jÃ­dlem pro zmÃ­nÄ›nÃ½ obsazenÃ½ stÅ¯l, avÅ¡ak k nÃ¡m pro objednÃ¡vku nepÅ™iÅ¡li. Pro mÄ› nepochopitelnÃ© chovÃ¡nÃ­ k zÃ¡kaznÃ­kovi, a jeÅ¡tÄ› v dneÅ¡nÃ­ dobÄ›.",2021-05-16
3,Cedric Schaepkens,MÃ­stnÃ­ prÅ¯vodce Â· 64 recenzÃ­ Â· 97 fotek,Jedl docela dobÅ™e. ÃštulnÃ¡ atmosfÃ©ra v BrnÄ›.,2025-05-15
4,I Caste,MÃ­stnÃ­ prÅ¯vodce Â· 27 recenzÃ­ Â· 52 fotek,MÄ›l jsem nÄ›jakÃ¡ grilovanÃ¡ Å¾ebraâ€¦ jako Å¾Ã¡dnÃ© mÃ­stnÃ­ pivo a dezert plus kÃ¡vu. VÅ¡echno velkolepÃ©. RychlÃ½ a velmi pozornÃ½ servis. Terasa velmi elegantnÃ­ a ÄistÃ¡.... VÅ™ele doporuÄuji,2024-08-18
4,R F,MÃ­stnÃ­ prÅ¯vodce Â· 11 recenzÃ­ Â· 51 fotek,"Tato restaurace nabÃ­zÃ­ Å¡irokou Å¡kÃ¡lu jÃ­del a takÃ© umÃ­stÄ›nÃ­ mÃ¡ pÅ™Ã­jemnÃ© prostÅ™edÃ­. (NavÃ­c majÃ­ vnitÅ™nÃ­ TV, kde mÅ¯Å¾ete sledovat probÃ­hajÃ­cÃ­ fotbalovÃ½ zÃ¡pas, napÅ™.)",2018-05-17
2,Jana LuptÃ¡kovÃ¡,14 recenzÃ­ Â· 3 fotky,Velice nepÅ™Ã­jemnÃ¡ obsluha. PolednÃ­ menu studenÃ© spolu s nedovaÅ™enÃ½mi bramborami a jemnÄ› nedopeÄenÃ½m masem. JednoduÅ¡e nedoporuÄuji a jednÃ­m slovem Å¡patnÃ©.,2019-05-17
5,Corinne Furman,MÃ­stnÃ­ prÅ¯vodce Â· 433 recenzÃ­ Â· 3 533 fotek,"Za branou farmy ÄÃ­slo 3 na nÃ¡mÄ›stÃ­ je tento ÃºtulnÃ½ dvÅ¯r s pÅ™Ã­jemnÃ½m posezenÃ­m, kterÃ© poskytuje stÃ­n a soukromÃ­. (MÃ­stnÃ­) pokrmy s dobrÃ½m pomÄ›rem ceny a kvality. PÅ™Ã¡telskÃ¡ anglicky mluvÃ­cÃ­ sluÅ¾ba. DomÃ¡cÃ­ ledovÃ½ Äaj stojÃ­ za vyzkouÅ¡enÃ­!",2025-05-15
4,Katarzyna WÄ…troba,MÃ­stnÃ­ prÅ¯vodce Â· 42 recenzÃ­ Â· 1 fotka,"Velmi milÃ¡ obsluha :)
Alkohol dobry, jidlo taky, i kdyz mam radsi ostre, ta svickova na smetanu co jsem si pamatoval byla trochu jina nez co jsem dostal (trochu myslim celou omacku ;)) a za to jsem strhla hvezdicku.
Na tradiÄnÃ­ ÄeskÃ© jÃ­dlo doporuÄuji :)",2021-05-16
5,Katarzyna KapaÅ‚a,MÃ­stnÃ­ prÅ¯vodce Â· 18 recenzÃ­ Â· 12 fotek,Velmi chutnÃ¡ ÄeskÃ¡ kuchynÄ›!,2025-05-15
1,regi fo,3 recenze,"PÄ›knÃ© mÃ­sto, jedlo slabÃ½ prÅ¯mÄ›r, obsluha jedna velkÃ¡ katastrofa, kuÅ™Ã¡k v kuchyni topil. Fu, hodnÄ› velkÃ½ bizar",2025-05-15
5,Åukasz P,MÃ­stnÃ­ prÅ¯vodce Â· 122 recenzÃ­ Â· 26 fotek,"Velmi pÄ›knÃ© mÃ­sto, kde mÅ¯Å¾ete vyzkouÅ¡et mÃ­stnÃ­ kuchyni za velmi pÅ™ijatelnÃ© ceny",2019-05-17
4,Little Captain,4 recenze,"Velmi pÄ›knÃ© mÃ­sto s tradiÄnÃ­m, dobrÃ½m ÄeskÃ½m jÃ­dlem a pivem. I kdyÅ¾ jsem trochu Äekal, aÅ¾ mi pÅ™inesou nÃ¡poje, byl to celkovÄ› velmi dobrÃ½ zÃ¡Å¾itek. .navÅ¡tÃ­vÃ­m znovu!",2025-05-15
5,Gregor ÄŒasar,MÃ­stnÃ­ prÅ¯vodce Â· 119 recenzÃ­ Â· 439 fotek,Velmi dobrÃ½ obÄ›d. SnadnÃ© parkovÃ¡nÃ­ v blÃ­zkosti. Trochu obtÃ­Å¾nÄ›jÅ¡Ã­ je najÃ­t restauraci,2025-05-15
1,Eli HorsÃ¡kovÃ¡,MÃ­stnÃ­ prÅ¯vodce Â· 67 recenzÃ­ Â· 48 fotek,"Katastrofa! Objednala jsem si jedny hranolky, od 14:20 do 15:00 nebyli schopni stihnout je donÃ©st. Nic komplikovanÃ©. NeschopnÃ½ podnik. TotÃ¡lnÄ›.",2020-05-16
4,Dalibor Taticek,MÃ­stnÃ­ prÅ¯vodce Â· 71 recenzÃ­ Â· 103 fotek,NenÃ­ to Å¡patnÃ©. Pivo bylo v poÅ™Ã¡dku. JÃ­dlo bylo docela dobrÃ© s dostupnÃ½mi vegetariÃ¡nskÃ½mi moÅ¾nostmi.,2024-09-17
5,JÃ¡n LiptÃ¡k,MÃ­stnÃ­ prÅ¯vodce Â· 92 recenzÃ­ Â· 74 fotek,"vÃ½bornÃ© jÃ­dlo, super obsluha, pÅ™Ã­jemnÃ© posezenÃ­",2018-05-17
4,Tomas Freimann,9 recenzÃ­ Â· 1 fotka,"Velmi pÅ™Ã­jemnÃ¡, ÃºtulnÃ¡ restaurace na ÄŒernÃ½ch polÃ­ch. JÃ­dlo bylo vÅ¾dy na Ãºrovni a pochutnali jsme si. Obsluha mi pÅ™iÅ¡la z Äasu na Äas ""naladovÃ¡"".",2018-05-17
3,David Å imek,MÃ­stnÃ­ prÅ¯vodce Â· 173 recenzÃ­ Â· 10 fotek,"Restaurace byla pÅ™eplnÄ›nÃ¡, takÅ¾e ÄekacÃ­ doba byla docela dlouhÃ¡. ÄŒÃ­Å¡nÃ­k nebyl tak pÅ™Ã¡telskÃ½, ale profesionÃ¡lnÃ­. ServÃ­rka byla velmi milÃ¡ a pÅ™Ã¡telskÃ¡. BÄ›hem obÄ›da by mÄ›lo bÃ½t vÃ­ce zamÄ›stnancÅ¯... to je problÃ©m vedenÃ­.",2022-05-16
3,Karim El Sherif,MÃ­stnÃ­ prÅ¯vodce Â· 305 recenzÃ­ Â· 674 fotek,"Dal jsem tomu 3, protoÅ¾e je to opravdu rovnovÃ¡ha
PÄ›knÃ© menu
PÄ›knÃ© jÃ­dlo
DobrÃ½ servis
Ale cena je podle mÄ› trochu vysokÃ¡
S vÄ›domÃ­m, Å¾e je to jedinÃ½ druh v tÃ©to oblasti, toho asi vyuÅ¾Ã­vajÃ­.
Menu je opravdu zajÃ­mavÃ© po celou dobu
Opravdu
NÃ¡poje jsou v poÅ™Ã¡dku",2021-05-16
5,Angeliki K,MÃ­stnÃ­ prÅ¯vodce Â· 457 recenzÃ­ Â· 1 325 fotek,"VÃ½bornÃ© jÃ­dlo, velkÃ½ vÃ½bÄ›r piv. BlonÄatÃ¡ servÃ­rka nenÃ­ tak milÃ¡ jako ta tmavovlasÃ¡. PÅ™Ã­jemnÃ¡ pÅ™Ã¡telskÃ¡ atmosfÃ©ra. ÄŒasto navÅ¡tÄ›vovanÃ© mÃ­stnÃ­mi obyvateli. SkuteÄnÃ½ zÃ¡Å¾itek.",2020-05-16
5,Oleksandr N,211 recenzÃ­,"Mimochodem, existuje rusky mluvÃ­cÃ­ sluÅ¾ba. MajÃ­ dÄ›tskÃ© Å¾idliÄky, ale Å¡koda, Å¾e tam nenÃ­ dÄ›tskÃ½ koutek. Dva pokoje: nekuÅ™Ã¡ckÃ½ a kuÅ™Ã¡ckÃ½.",2017-05-17
4,Miguel Villarejo,MÃ­stnÃ­ prÅ¯vodce Â· 87 recenzÃ­ Â· 48 fotek,"Je to dobrÃ© mÃ­sto pro menu dne. DobrÃ¡ kvalita a velikost za to, co zaplatÃ­te. Ale pokud vyjdete z nabÃ­dky, nestojÃ­ to za kvalitu s cenami. Pivo je dobrÃ©.",2022-05-16
5,Krizovensky Jozef,MÃ­stnÃ­ prÅ¯vodce Â· 342 recenzÃ­ Â· 12 fotek,MilÃ¡ obsluha. DobÅ™e pivo. PÅ™ijatelnÃ© ceny. DobÅ™e jÃ­dlo. KlidnÃ© prostÅ™edÃ­ klasickÃ© hospody. Ciste. OblÃ­benÄ› u mÃ­stnÃ­ch z okolÃ­.,2019-05-17
2,Erwin Klammer,MÃ­stnÃ­ prÅ¯vodce Â· 52 recenzÃ­ Â· 164 fotek,"UrÄitÄ› by bylo dobrÃ©, kdyby obsluha pÅ™ivÃ­tala nÄ›koho pÅ™Ã¡telÅ¡tÄ›jÅ¡Ã­ho a pivo nepodÃ¡vala s takovou averzÃ­. ChtÄ›li jsme jÃ­st, ale ztratili jsme chuÅ¥.",2019-05-17
4,Mili B,MÃ­stnÃ­ prÅ¯vodce Â· 99 recenzÃ­,"Docela sluÅ¡nÃ¡ restaurace
Od 11:00 do 14:00, doba obÄ›da, niÅ¾Å¡Ã­ nÃ¡klady
VÅ¡echna doporuÄenÃ­",2023-05-16
4,Andrej Batik,MÃ­stnÃ­ prÅ¯vodce Â· 18 recenzÃ­,DobÅ™e a pÅ™imÄ›Å™enÄ› drahÃ© jÃ­dlo. VÃ½bornÄ› menuÄka. DobrÃ¡ atmosfÃ©ra.,2018-05-17
5,Plante IndÃ©pendante,MÃ­stnÃ­ prÅ¯vodce Â· 56 recenzÃ­ Â· 554 fotek,"NejlepÅ¡Ã­ kuchaÅ™i, nenavÅ¡tÄ›vuji dennÄ›, abych neztloustl, hihi.. nÄ›kdy zmatenÃ© servÃ­rky.. NejÄastÄ›ji ÃºtulnÃ© mÃ­sto pro setkÃ¡nÃ­ a dobrÃ© veÄeÅ™e.",2020-05-16
5,Lee Shaw,MÃ­stnÃ­ prÅ¯vodce Â· 48 recenzÃ­ Â· 25 fotek,"MÅ¯j oblÃ­benÃ½ mÃ­stnÃ­ bar a restaurace.  NejlepÅ¡Ã­ v lÃ©tÄ›, protoÅ¾e majÃ­ dobrÃ½ venkovnÃ­ prostor.",2023-05-16
5,Petr NavrÃ¡til,MÃ­stnÃ­ prÅ¯vodce Â· 32 recenzÃ­,VÃ½bornÃ© mÃ­sto pro obÄ›d s rozumnÃ½mi cenami.,2025-05-15
5,Elizaveta Barbysheva,MÃ­stnÃ­ prÅ¯vodce Â· 16 recenzÃ­,ChutnÃ© jÃ­dlo. RozumnÃ© ceny. Venku je dÄ›tskÃ© hÅ™iÅ¡tÄ›. K dispozici je dÄ›tskÃ© menu a vysokÃ© Å¾idliÄky. SluÅ¾ba je dobrÃ¡.,2019-05-17
2,Martin SrÅ¡eÅˆ,MÃ­stnÃ­ prÅ¯vodce Â· 17 recenzÃ­ Â· 40 fotek,DobÅ™e jÃ­dlo ale pomalÃ¡ obsluha. TÅ™etÃ­ medovÃ½ Jack mi dali Å™edÄ›nÃ½.,2018-05-17
5,Peter Skorec,MÃ­stnÃ­ prÅ¯vodce Â· 92 recenzÃ­ Â· 57 fotek,"HezkÃ© prostÅ™edÃ­, dobrÃ© jÃ­dlo",2024-06-19
5,Thiago Marcolino,MÃ­stnÃ­ prÅ¯vodce Â· 98 recenzÃ­ Â· 116 fotek,"PÄ›knÃ¡ restaurace, super pÅ™Ã¡telskÃ½ personÃ¡l. VyzkouÅ¡ejte burgerovÃ½ tÃ½den, je ÃºÅ¾asnÃ½!",2022-05-16
5,Stanislav HrÃ¡dela,MÃ­stnÃ­ prÅ¯vodce Â· 58 recenzÃ­ Â· 166 fotek,"ÃštulnÃ© mÃ­sto, chutnÃ© jÃ­dlo, personÃ¡l je pÅ™Ã¡telskÃ½. DobrÃ© pivo takÃ©!",2018-05-17
5,H O,3 recenze,ChutnÃ© domÃ¡cÃ­ jÃ­dlo v ÄeskÃ©m stylu za dobrÃ© ceny v ÃºtulnÃ©m prostÅ™edÃ­.,2019-05-17
5,Orsolya SebestyÃ©n-TÃ³th,50 recenzÃ­ Â· 11 fotek,"PÅ™Ã­jemnÃ­, rychlÃ­, dobÅ™Ã­ kuchaÅ™i, milÃ­ lidÃ©.",2022-05-16
3,Michael Krbek,MÃ­stnÃ­ prÅ¯vodce Â· 59 recenzÃ­ Â· 16 fotek,"JÃ­dlo bylo v poÅ™Ã¡dku, ale nefiltrovanÃ½ zÃ¡pach smaÅ¾enÃ©ho oleje z kuchynÄ› byl otravnÃ½ a naÅ¡e utÄ›rky ho pÅ™ijaly.",2019-05-17
5,Lucia Curda,MÃ­stnÃ­ prÅ¯vodce Â· 41 recenzÃ­ Â· 3 fotky,"PÄ›knÃ½ obchod, od Snaps bylo vÅ¡e, co si mÅ¯Å¾ete pÅ™Ã¡t!ğŸ‘Œ â€¦",2021-05-16
3,Giampiero PappadÃ ,MÃ­stnÃ­ prÅ¯vodce Â· 33 recenzÃ­ Â· 3 fotky,DobrÃ© sluÅ¾by a dobrÃ© jÃ­dlo poblÃ­Å¾ Vily Tughenhat v BrnÄ›,2023-05-16
4,Petra Mo,MÃ­stnÃ­ prÅ¯vodce Â· 157 recenzÃ­ Â· 182 fotek,NemajÃ­ dost mincÃ­ v hotovosti na vÃ½mÄ›nu za automat,2022-05-16
5,Stamatis Papadakis,MÃ­stnÃ­ prÅ¯vodce Â· 206 recenzÃ­ Â· 2 203 fotek,PÄ›knÃ½ obÄ›d,2022-05-16
4,Alexander BÃ¼cker,MÃ­stnÃ­ prÅ¯vodce Â· 27 recenzÃ­,DobrÃ© pÃ­t nÄ›jakÃ© pivo a mÃ¡lo jÃ­st a dÄ›lnÃ­ci jsou tak trochu bez zÃ¡jmu,2023-05-16
5,RadomÃ­r Urban,MÃ­stnÃ­ prÅ¯vodce Â· 64 recenzÃ­ Â· 128 fotek,"Super misto...perfektnÃ­ servis
Dekujeme",2018-05-17
4,Jan Å lechta,MÃ­stnÃ­ prÅ¯vodce Â· 126 recenzÃ­ Â· 238 fotek,"Rezervace nutnÃ¡. Je to ruÅ¡nÃ© mÃ­sto, pÄ›knÃ© nekuÅ™Ã¡ckÃ© mÃ­sto!",2017-05-17
4,Filip RybÃ¡Å™,MÃ­stnÃ­ prÅ¯vodce Â· 76 recenzÃ­ Â· 102 fotek,"HezkÃ© prostÅ™edÃ­, dobÅ™e vaÅ™Ã­, obÄas trochu pomalejÅ¡Ã­ obsluha.",2016-05-17
1,John Doe,MÃ­stnÃ­ prÅ¯vodce Â· 35 recenzÃ­,jÃ­dlo pokapanÃ© tukem. ÃºplnÄ› nechutnÃ©.,2023-05-16
5,Daniel Marx,MÃ­stnÃ­ prÅ¯vodce Â· 178 recenzÃ­ Â· 172 fotek,"SkvÄ›lÃ¡ restaurace, vÅ¯bec Å¾Ã¡dnÃ­ turistÃ© ;)",2019-05-17
5,Disney Fan,MÃ­stnÃ­ prÅ¯vodce Â· 14 recenzÃ­ Â· 6 fotek,"ÃšÅ¾asnÃ© jÃ­dlo, pivo a obsluha.  Milujte toto mÃ­sto.",2018-05-17
5,Robert KubÃ­Äek,MÃ­stnÃ­ prÅ¯vodce Â· 59 recenzÃ­ Â· 19 fotek,DobrÃ¡ vÄ›c,2019-05-17
3,OndÅ™ej BÄ›hÃ¡vka,MÃ­stnÃ­ prÅ¯vodce Â· 4 recenze,"PÄ›knÃ© mÃ­sto, servÃ­rka ne tolik.",2019-05-17
5,Jim Jimmy,MÃ­stnÃ­ prÅ¯vodce Â· 525 recenzÃ­ Â· 148 fotek,"DobrÃ© jÃ­dlo a pivo, pÄ›knÄ› udÄ›lanÃ© :)",2022-05-16
3,LukÃ¡Å¡ Strmiska,MÃ­stnÃ­ prÅ¯vodce Â· 399 recenzÃ­ Â· 915 fotek,"JÃ­dlo prÅ¯mÄ›rnÃ©, pivo podprÅ¯mÄ›rnÃ©. SluÅ¾ba nenÃ­ pÅ™Ã­liÅ¡ pÅ™Ã¡telskÃ¡. . .",2017-05-17
4,Martin KuÄerka,MÃ­stnÃ­ prÅ¯vodce Â· 226 recenzÃ­ Â· 1 365 fotek,"Vcelku fajn, dÃ¡ se najÃ­st",2019-05-17
4,JÃºlius GalÃ¡t,MÃ­stnÃ­ prÅ¯vodce Â· 132 recenzÃ­ Â· 292 fotek,Nic vÃ½jimeÄnÃ© ale jÃ­dlo bylo dobÅ™e,2018-05-17
5,LukÃ¡Å¡ ZdenÄ›k,MÃ­stnÃ­ prÅ¯vodce Â· 59 recenzÃ­ Â· 180 fotek,(Å¾Ã¡dnÃ½ text),2019-05-17
5,zz zz,MÃ­stnÃ­ prÅ¯vodce Â· 17 recenzÃ­ Â· 1 fotka,(Å¾Ã¡dnÃ½ text),2025-05-15
5,Oto Novotny,MÃ­stnÃ­ prÅ¯vodce Â· 120 recenzÃ­ Â· 90 fotek,(Å¾Ã¡dnÃ½ text),2025-03-16
5,VojtÄ›ch KaluÅ¾Ã­k,MÃ­stnÃ­ prÅ¯vodce Â· 28 recenzÃ­ Â· 5 fotek,(Å¾Ã¡dnÃ½ text),2025-03-16
3,Jan Jenda,MÃ­stnÃ­ prÅ¯vodce Â· 262 recenzÃ­ Â· 373 fotek,(Å¾Ã¡dnÃ½ text),2025-03-16
5,Sara R. Gallardo,7 recenzÃ­ Â· 4 fotky,(Å¾Ã¡dnÃ½ text),2025-02-14
5,Ivana PokornÃ¡,5 recenzÃ­ Â· 9 fotek,(Å¾Ã¡dnÃ½ text),2025-02-14
5,Pavel VodiÄka,MÃ­stnÃ­ prÅ¯vodce Â· 10 recenzÃ­ Â· 27 fotek,(Å¾Ã¡dnÃ½ text),2025-02-14
5,Michaela Kovacova,3 recenze Â· 1 fotka,(Å¾Ã¡dnÃ½ text),2025-02-14
5,Martin NovÃ¡k,Nenalezeno,(Å¾Ã¡dnÃ½ text),2025-01-15
5,Ğ†Ğ²Ğ°Ğ½ Ğ‘Ñ–Ğ»ĞµÑ‡ÑƒĞº,1 recenze,(Å¾Ã¡dnÃ½ text),2025-01-15
3,vaclav ferus,1 recenze,(Å¾Ã¡dnÃ½ text),2024-12-16
5,Karel Å  ikula,MÃ­stnÃ­ prÅ¯vodce Â· 23 recenzÃ­,Super,2025-05-15
5,istwan Bilek,MÃ­stnÃ­ prÅ¯vodce Â· 54 recenzÃ­ Â· 30 fotek,VelkÃ½,2023-05-16
4,Luko pers,MÃ­stnÃ­ prÅ¯vodce Â· 63 recenzÃ­ Â· 2 fotky,(Å¾Ã¡dnÃ½ text),2024-11-16
5,Ğ“ĞµĞ¾Ñ€Ğ³Ğ¸ Ğ¥Ñ€Ğ¸ÑÑ‚Ğ¾Ğ²,38 recenzÃ­ Â· 10 fotek,Obchod pro lidi,2022-05-16
